timestamp,symbol,side,interval,entry_price,exit_price,qty,notional,pnl_usdt,pnl_pct,duration_min,reason,label_best_side,model_conf,bt_p_buy_raw,bt_p_buy_ema,bt_ema_alpha
2025-12-16T20:43:35.392565,TESTUSDT,unknown,,99.77,101.0,,,1.23,1.23,,manual_test,,,0.61,0.58,0.12
2025-12-16T20:58:43.609489,BTCUSDT,long,5m,91138.54,91501.4,0.0005486153278294781,50.0,0.19907055785620476,0.003981411157124095,,TP_HIT,,,,,
2025-12-16T20:58:56.078116,BTCUSDT,long,5m,91501.4,91329.6,0.0005464397266052761,50.0,-0.09387834503078007,-0.0018775669006156014,,SL_HIT,,,,,
2025-12-16T20:59:10.283364,BTCUSDT,long,5m,91329.6,91147.17,0.0005474676337134948,50.0,-0.099874520418357,-0.00199749040836714,,SL_HIT,,,,,
2025-12-16T20:59:12.028776,BTCUSDT,long,5m,91147.17,90958.03,0.00010971267676220775,10.0,-0.02075105568280391,-0.0020751055682803913,,SL_HIT,,,,,
2025-12-16T20:59:29.609095,BTCUSDT,long,5m,90958.03,91510.76,0.0001772393079513869,16.121338289821487,0.09796548268396936,0.006076758698489798,,TP_HIT,,,,,
2025-12-16T21:01:21.315101,BTCUSDT,long,5m,91510.76,91173.34,0.000983490903146253,90.0,-0.33184950053960693,-0.0036872166726622992,,SL_HIT,,,,,
2025-12-16T21:03:24.815475,BTCUSDT,long,5m,91173.34,91627.59,0.0005484059265570396,50.0,0.24911339213853526,0.004982267842770705,,TP_HIT,,,,,
2025-12-16T21:03:41.365385,BTCUSDT,long,5m,91627.59,92325.47,0.00010913743338660332,10.0,0.07616483201184324,0.007616483201184324,,TP_HIT,,,,,
2025-12-16T21:04:25.860347,BTCUSDT,long,5m,92325.47,92964.17,0.0009748122592822977,90.0,0.6226125900036007,0.006917917666706674,,TP_HIT,,,,,
2025-12-16T21:04:31.331544,BTCUSDT,long,5m,92964.17,92580.12,0.0006385419329246707,59.36152080453769,-0.24523202933972166,-0.004131161500178003,,SL_HIT,,,,,
2025-12-16T21:04:43.350184,BTCUSDT,long,5m,92580.12,92010.5,0.00010801454999194213,10.0,-0.06152724796640957,-0.006152724796640957,,SL_HIT,,,,,
2025-12-16T21:06:43.351886,BTCUSDT,long,5m,91138.54,91501.4,0.0005486153278294781,50.0,0.19907055785620476,0.003981411157124095,,TP_HIT,,,,,
2025-12-16T21:06:50.334610,BTCUSDT,long,5m,92010.5,91385.24,0.0005434162405377647,50.0,-0.3397764385586399,-0.006795528771172799,,SL_HIT,,,,,
2025-12-16T21:07:35.849890,BTCUSDT,long,5m,91385.24,90936.23,0.0005471343074658446,50.0,-0.24566877539524395,-0.004913375507904879,,SL_HIT,,,,,
2025-12-16T21:07:55.343216,BTCUSDT,long,5m,91501.4,91329.6,0.0005464397266052761,50.0,-0.09387834503078007,-0.0018775669006156014,,SL_HIT,,,,,
2025-12-16T21:08:13.115218,BTCUSDT,long,5m,90936.23,90480.01,0.0005498358575014601,50.0,-0.25084611490931674,-0.005016922298186335,,SL_HIT,,,,,
2025-12-16T21:09:13.313442,BTCUSDT,long,5m,91329.6,91147.17,0.0005474676337134948,50.0,-0.099874520418357,-0.00199749040836714,,SL_HIT,,,,,
2025-12-16T21:09:23.098147,BTCUSDT,long,5m,91147.17,90958.03,0.00010971267676220775,10.0,-0.02075105568280391,-0.0020751055682803913,,SL_HIT,,,,,
2025-12-16T21:10:32.093942,BTCUSDT,long,5m,90958.03,91510.76,0.0001772393079513869,16.121338289821487,0.09796548268396936,0.006076758698489798,,TP_HIT,,,,,
2025-12-16T21:13:08.080812,BTCUSDT,long,5m,91510.76,91173.34,0.000983490903146253,90.0,-0.33184950053960693,-0.0036872166726622992,,SL_HIT,,,,,
2025-12-16T21:15:46.386562,BTCUSDT,long,5m,91173.34,91627.59,0.0005484059265570396,50.0,0.24911339213853526,0.004982267842770705,,TP_HIT,,,,,
2025-12-16T21:16:05.442226,BTCUSDT,long,5m,91627.59,92325.47,0.00010913743338660332,10.0,0.07616483201184324,0.007616483201184324,,TP_HIT,,,,,
2025-12-16T21:16:55.421507,BTCUSDT,long,5m,92325.47,92964.17,0.0009748122592822977,90.0,0.6226125900036007,0.006917917666706674,,TP_HIT,,,,,
2025-12-16T21:17:01.909197,BTCUSDT,long,5m,92964.17,92580.12,0.0006385419329246707,59.36152080453769,-0.24523202933972166,-0.004131161500178003,,SL_HIT,,,,,
2025-12-16T21:17:14.414815,BTCUSDT,long,5m,92580.12,92010.5,0.00010801454999194213,10.0,-0.06152724796640957,-0.006152724796640957,,SL_HIT,,,,,
2025-12-16T21:19:24.278275,BTCUSDT,long,5m,92010.5,91385.24,0.0005434162405377647,50.0,-0.3397764385586399,-0.006795528771172799,,SL_HIT,,,,,
2025-12-16T21:20:09.346732,BTCUSDT,long,5m,91385.24,90936.23,0.0005471343074658446,50.0,-0.24566877539524395,-0.004913375507904879,,SL_HIT,,,,,
2025-12-16T21:20:50.830012,BTCUSDT,long,5m,90936.23,90480.01,0.0005498358575014601,50.0,-0.25084611490931674,-0.005016922298186335,,SL_HIT,,,,,
2025-12-16T21:46:32.206161,BTCUSDT,long,5m,90480.01,90289.58,0.00014871635962065643,13.45585770564059,-0.028320056362560565,-0.002104663781535756,,TRAILING_STOP_LONG,,,,,
2025-12-16T21:48:21.929845,BTCUSDT,long,5m,90289.58,90798.11,0.00011075475154497341,10.0,0.0563221138031652,0.00563221138031652,,TP_HIT,,,,,
2025-12-16T21:49:28.208765,BTCUSDT,long,5m,90798.11,90467.48,0.0005506722551824042,50.0,-0.18206876773096087,-0.0036413753546192173,,SL_HIT,,,,,
2025-12-16T21:50:34.257333,BTCUSDT,long,5m,90467.48,90808.05,0.00012218785750637358,11.054027555200701,0.041613518630946505,0.0037645571646298427,,TP_HIT,,,,,
2025-12-16T22:00:11.882997,BTCUSDT,long,5m,90480.01,90289.58,0.00014871635962065643,13.45585770564059,-0.028320056362560565,-0.002104663781535756,,TRAILING_STOP_LONG,,,,,
2025-12-16T22:00:59.401861,BTCUSDT,long,5m,90808.05,90638.13,0.0005506119776825953,50.0,-0.09355998724782562,-0.0018711997449565123,,SL_HIT,,,,,
2025-12-16T22:01:17.401363,BTCUSDT,long,5m,90638.13,90480.19,0.00011032884283910094,10.0,-0.017425337438007858,-0.0017425337438007858,,SL_HIT,,,,,
2025-12-16T22:01:42.389051,BTCUSDT,long,5m,90480.19,90728.09,0.0001272664379325149,11.515091484757155,0.0315493499634697,0.002739826253680437,,TP_HIT,,,,,
2025-12-16T22:02:05.419102,BTCUSDT,long,5m,90289.58,90798.11,0.00011075475154497341,10.0,0.0563221138031652,0.00563221138031652,,TP_HIT,,,,,
2025-12-16T22:03:12.412501,BTCUSDT,long,5m,90798.11,90467.48,0.0005506722551824042,50.0,-0.18206876773096087,-0.0036413753546192173,,SL_HIT,,,,,
2025-12-16T22:04:20.388098,BTCUSDT,long,5m,90467.48,90808.05,0.00012218785750637358,11.054027555200701,0.041613518630946505,0.0037645571646298427,,TP_HIT,,,,,
2025-12-16T22:08:37.307761,BTCUSDT,long,5m,90728.09,91033.42,0.000575957488203512,52.255522825902176,0.17585709987317932,0.00336533040649265,,TP_HIT,,,,,
2025-12-16T22:08:45.071510,BTCUSDT,long,5m,91033.42,90928.51,0.000988647905351683,90.0,-0.10371905175044852,-0.001152433908338317,,SL_HIT,,,,,
2025-12-16T22:09:32.572743,BTCUSDT,long,5m,90928.51,91310.84,0.000549882539590718,50.0,0.21023659136172018,0.004204731827234404,,TP_HIT,,,,,
2025-12-16T22:09:40.561860,BTCUSDT,long,5m,91310.84,91161.61,0.0009856442017179999,90.0,-0.14708768422237312,-0.0016343076024708124,,SL_HIT,,,,,
2025-12-16T22:09:56.814788,BTCUSDT,long,5m,91161.61,90976.25,0.00014688109509181972,13.389917107133384,-0.02722587978621979,-0.002033312048788965,,SL_HIT,,,,,
2025-12-16T22:10:58.064837,BTCUSDT,long,5m,90976.25,91488.33,0.0005495939874417773,50.0,0.2814360890891863,0.005628721781783727,,TP_HIT,,,,,
2025-12-16T22:13:13.838551,BTCUSDT,long,5m,91488.33,91244.0,0.0009837320235269351,90.0,-0.24035524530833777,-0.0026706138367593086,,SL_HIT,,,,,
2025-12-16T22:14:44.810296,BTCUSDT,long,5m,90808.05,90638.13,0.0005506119776825953,50.0,-0.09355998724782562,-0.0018711997449565123,,SL_HIT,,,,,
2025-12-16T22:15:00.829634,BTCUSDT,long,5m,90638.13,90480.19,0.00011032884283910094,10.0,-0.017425337438007858,-0.0017425337438007858,,SL_HIT,,,,,
2025-12-16T22:15:25.327962,BTCUSDT,long,5m,90480.19,90728.09,0.0001272664379325149,11.515091484757155,0.0315493499634697,0.002739826253680437,,TP_HIT,,,,,
2025-12-16T22:15:28.305088,BTCUSDT,long,5m,91244.0,91101.89,0.0005479812371224409,50.0,-0.0778736136074704,-0.0015574722721494081,,SL_HIT,,,,,
2025-12-16T22:16:18.053370,BTCUSDT,long,5m,91101.89,91330.12,0.0005488360340273951,50.0,0.12526084804607016,0.002505216960921403,,TP_HIT,,,,,
2025-12-16T22:17:46.642622,BTCUSDT,long,5m,91330.12,91713.17,0.0005474645166348189,50.0,0.20970628309696898,0.00419412566193938,,TP_HIT,,,,,
2025-12-16T22:19:25.129058,BTCUSDT,long,5m,91713.17,91553.2,0.000545177971713332,50.0,-0.08721212013498235,-0.001744242402699647,,SL_HIT,,,,,
2025-12-16T22:19:57.651864,BTCUSDT,long,5m,91553.2,91299.0,0.0001300522747941471,11.906701924683508,-0.03305928825267181,-0.002776527745616724,,SL_HIT,,,,,
2025-12-16T22:22:15.874086,BTCUSDT,long,5m,90728.09,91033.42,0.000575957488203512,52.255522825902176,0.17585709987317932,0.00336533040649265,,TP_HIT,,,,,
2025-12-16T22:22:24.368898,BTCUSDT,long,5m,91033.42,90928.51,0.000988647905351683,90.0,-0.10371905175044852,-0.001152433908338317,,SL_HIT,,,,,
2025-12-16T22:22:51.404687,BTCUSDT,long,5m,91299.0,91707.92,0.0007295718546396264,66.60918075674324,0.2983365227992347,0.004478909955202119,,TP_HIT,,,,,
2025-12-16T22:23:13.174537,BTCUSDT,long,5m,90928.51,91310.84,0.000549882539590718,50.0,0.21023659136172018,0.004204731827234404,,TP_HIT,,,,,
2025-12-16T22:23:21.208871,BTCUSDT,long,5m,91310.84,91161.61,0.0009856442017179999,90.0,-0.14708768422237312,-0.0016343076024708124,,SL_HIT,,,,,
2025-12-16T22:23:38.183069,BTCUSDT,long,5m,91161.61,90976.25,0.00014688109509181972,13.389917107133384,-0.02722587978621979,-0.002033312048788965,,SL_HIT,,,,,
2025-12-16T22:24:04.200770,BTCUSDT,long,5m,91707.92,91530.0,0.0005452091814970834,50.0,-0.09700361757196012,-0.0019400723514392023,,SL_HIT,,,,,
2025-12-16T22:24:43.206869,BTCUSDT,long,5m,90976.25,91488.33,0.0005495939874417773,50.0,0.2814360890891863,0.005628721781783727,,TP_HIT,,,,,
2025-12-16T22:24:46.713971,BTCUSDT,long,5m,91530.0,91350.85,0.000546268982847154,50.0,-0.09786408827706446,-0.001957281765541289,,SL_HIT,,,,,
2025-12-16T22:26:59.963952,BTCUSDT,long,5m,91488.33,91244.0,0.0009837320235269351,90.0,-0.24035524530833777,-0.0026706138367593086,,SL_HIT,,,,,
2025-12-16T22:29:10.004950,BTCUSDT,long,5m,91244.0,91101.89,0.0005479812371224409,50.0,-0.0778736136074704,-0.0015574722721494081,,SL_HIT,,,,,
2025-12-16T22:29:58.776754,BTCUSDT,long,5m,91101.89,91330.12,0.0005488360340273951,50.0,0.12526084804607016,0.002505216960921403,,TP_HIT,,,,,
2025-12-16T22:30:51.751415,BTCUSDT,long,5m,91350.85,91166.74,0.00054734028200066,50.0,-0.10077081931914184,-0.0020154163863828367,,SL_HIT,,,,,
2025-12-16T22:31:08.262750,BTCUSDT,long,5m,91166.74,90957.44,0.000109689125661398,10.0,-0.022957934000930918,-0.002295793400093092,,SL_HIT,,,,,
2025-12-16T22:31:32.761454,BTCUSDT,long,5m,91330.12,91713.17,0.0005474645166348189,50.0,0.20970628309696898,0.00419412566193938,,TP_HIT,,,,,
2025-12-16T22:32:27.773185,BTCUSDT,long,5m,90957.44,91292.06,0.00015489625375932347,14.08896670753844,0.0518313844329441,0.0036788634332715975,,TP_HIT,,,,,
2025-12-16T22:33:11.293807,BTCUSDT,long,5m,91292.06,91100.01,0.0005476927566318473,50.0,-0.10518439391114785,-0.002103687878222957,,SL_HIT,,,,,
2025-12-16T22:33:11.793672,BTCUSDT,long,5m,91713.17,91553.2,0.000545177971713332,50.0,-0.08721212013498235,-0.001744242402699647,,SL_HIT,,,,,
2025-12-16T22:33:43.880725,BTCUSDT,long,5m,91553.2,91299.0,0.0001300522747941471,11.906701924683508,-0.03305928825267181,-0.002776527745616724,,SL_HIT,,,,,
2025-12-16T22:34:09.673423,BTCUSDT,long,5m,91100.01,90908.68,0.0005488473601704325,50.0,-0.10501096542140981,-0.002100219308428196,,SL_HIT,,,,,
2025-12-16T22:34:43.422681,BTCUSDT,long,5m,90908.68,90660.45,0.00012407165624002124,11.279190494194093,-0.030798307228459967,-0.0027305423420513415,,SL_HIT,,,,,
2025-12-16T22:35:24.157962,BTCUSDT,long,5m,90660.45,90395.39,0.00018300406202706904,16.59123061520199,-0.04850705668089449,-0.002923656346289895,,SL_HIT,,,,,
2025-12-16T22:35:41.407784,BTCUSDT,long,5m,90395.39,89816.17,0.00011062511041768833,10.0,-0.06407627645613356,-0.006407627645613356,,SL_HIT,,,,,
2025-12-16T22:35:50.158945,BTCUSDT,long,5m,89816.17,89144.95,0.00011133852623642268,10.0,-0.07473264558041176,-0.007473264558041176,,SL_HIT,,,,,
2025-12-16T22:36:06.900499,BTCUSDT,long,5m,89144.95,88719.99,0.00011217685354021736,10.0,-0.04767067568044986,-0.004767067568044986,,SL_HIT,,,,,
2025-12-16T22:36:32.398699,BTCUSDT,long,5m,88719.99,87950.0,0.00017059986890921307,15.135618663626696,-0.13136019306140587,-0.00867887834522981,,SL_HIT,,,,,
2025-12-16T22:36:38.900879,BTCUSDT,long,5m,91299.0,91707.92,0.0007295718546396264,66.60918075674324,0.2983365227992347,0.004478909955202119,,TP_HIT,,,,,
2025-12-16T22:37:05.429776,BTCUSDT,long,5m,87950.0,87150.71,0.00011370096645821489,10.0,-0.09088004548038585,-0.009088004548038585,,SL_HIT,,,,,
2025-12-16T22:37:51.140971,BTCUSDT,long,5m,91707.92,91530.0,0.0005452091814970834,50.0,-0.09700361757196012,-0.0019400723514392023,,SL_HIT,,,,,
2025-12-16T22:38:31.558814,BTCUSDT,long,5m,91530.0,91350.85,0.000546268982847154,50.0,-0.09786408827706446,-0.001957281765541289,,SL_HIT,,,,,
2025-12-16T22:40:15.063481,BTCUSDT,long,5m,87150.71,86495.0,0.0005737187912754812,50.0,-0.37619314862724945,-0.007523862972544989,,TRAILING_STOP_LONG,,,,,
2025-12-16T22:42:31.624902,BTCUSDT,long,5m,86495.0,86032.04,0.0005780680964217584,50.0,-0.267622405919421,-0.00535244811838842,,SL_HIT,,,,,
2025-12-16T22:44:15.637066,BTCUSDT,long,5m,86032.04,85701.23,0.0001291527164835497,11.111271670621406,-0.042725010139922776,-0.003845195348151662,,SL_HIT,,,,,
2025-12-16T22:44:22.898717,BTCUSDT,long,5m,91350.85,91166.74,0.00054734028200066,50.0,-0.10077081931914184,-0.0020154163863828367,,SL_HIT,,,,,
2025-12-16T22:44:40.661920,BTCUSDT,long,5m,91166.74,90957.44,0.000109689125661398,10.0,-0.022957934000930918,-0.002295793400093092,,SL_HIT,,,,,
2025-12-16T22:45:45.713682,BTCUSDT,long,5m,85701.23,86280.0,0.0005834221982578314,50.0,0.33766726568568745,0.0067533453137137486,,TP_HIT,,,,,
2025-12-16T22:45:58.710171,BTCUSDT,long,5m,90957.44,91292.06,0.00015489625375932347,14.08896670753844,0.0518313844329441,0.0036788634332715975,,TP_HIT,,,,,
2025-12-16T22:46:41.023901,BTCUSDT,long,5m,91292.06,91100.01,0.0005476927566318473,50.0,-0.10518439391114785,-0.002103687878222957,,SL_HIT,,,,,
2025-12-16T22:47:38.547940,BTCUSDT,long,5m,91100.01,90908.68,0.0005488473601704325,50.0,-0.10501096542140981,-0.002100219308428196,,SL_HIT,,,,,
2025-12-16T22:48:12.519083,BTCUSDT,long,5m,90908.68,90660.45,0.00012407165624002124,11.279190494194093,-0.030798307228459967,-0.0027305423420513415,,SL_HIT,,,,,
2025-12-16T22:48:53.006972,BTCUSDT,long,5m,90660.45,90395.39,0.00018300406202706904,16.59123061520199,-0.04850705668089449,-0.002923656346289895,,SL_HIT,,,,,
2025-12-16T22:49:09.534115,BTCUSDT,long,5m,90395.39,89816.17,0.00011062511041768833,10.0,-0.06407627645613356,-0.006407627645613356,,SL_HIT,,,,,
2025-12-16T22:49:18.508709,BTCUSDT,long,5m,89816.17,89144.95,0.00011133852623642268,10.0,-0.07473264558041176,-0.007473264558041176,,SL_HIT,,,,,
2025-12-16T22:49:35.262968,BTCUSDT,long,5m,89144.95,88719.99,0.00011217685354021736,10.0,-0.04767067568044986,-0.004767067568044986,,SL_HIT,,,,,
2025-12-16T22:49:52.533935,BTCUSDT,long,5m,86280.0,86806.93,0.0005795085767269356,50.0,0.30536045433472014,0.006107209086694403,,TP_HIT,,,,,
2025-12-16T22:49:59.761864,BTCUSDT,long,5m,88719.99,87950.0,0.00017059986890921307,15.135618663626696,-0.13136019306140587,-0.00867887834522981,,SL_HIT,,,,,
2025-12-16T22:50:32.291922,BTCUSDT,long,5m,87950.0,87150.71,0.00011370096645821489,10.0,-0.09088004548038585,-0.009088004548038585,,SL_HIT,,,,,
2025-12-16T22:53:28.852710,BTCUSDT,long,5m,86806.93,86576.0,0.00011519817599816052,10.0,-0.026602714783254405,-0.0026602714783254405,,SL_HIT,,,,,
2025-12-16T22:53:36.848909,BTCUSDT,long,5m,87150.71,86495.0,0.0005737187912754812,50.0,-0.37619314862724945,-0.007523862972544989,,TRAILING_STOP_LONG,,,,,
2025-12-16T22:54:01.354210,BTCUSDT,long,5m,86576.0,86453.31,0.0002856901725779064,24.733912381104822,-0.035051327273584,-0.0014171363888375802,,SL_HIT,,,,,
2025-12-16T22:54:38.393595,BTCUSDT,long,5m,86453.31,86286.67,0.0005783468556611656,50.0,-0.0963757200273763,-0.0019275144005475259,,SL_HIT,,,,,
2025-12-16T22:55:04.116824,BTCUSDT,long,5m,86286.67,86149.15,0.00011589275608851287,10.0,-0.015937571817292762,-0.0015937571817292763,,SL_HIT,,,,,
2025-12-16T22:55:21.611605,BTCUSDT,long,5m,86149.15,85993.06,0.0005803887792276535,50.0,-0.0905928845496424,-0.001811857690992848,,SL_HIT,,,,,
2025-12-16T22:55:52.886730,BTCUSDT,long,5m,86495.0,86032.04,0.0005780680964217584,50.0,-0.267622405919421,-0.00535244811838842,,SL_HIT,,,,,
2025-12-16T22:56:04.391808,BTCUSDT,long,5m,85993.06,85710.35,0.00018196377323325785,15.647621669473935,-0.05144297833077285,-0.0032875908823338986,,SL_HIT,,,,,
2025-12-16T22:56:21.866351,BTCUSDT,long,5m,85710.35,85484.0,0.0005833601192854771,50.0,-0.13204356300027115,-0.002640871260005423,,SL_HIT,,,,,
2025-12-16T22:56:30.371092,BTCUSDT,long,5m,85484.0,84820.74,0.00011698095550044452,10.0,-0.07758878854522422,-0.007758878854522422,,SL_HIT,,,,,
2025-12-16T22:56:56.098115,BTCUSDT,long,5m,84820.74,85925.75,0.00011789569390693832,10.0,0.1302759207241053,0.01302759207241053,,TP_HIT,,,,,
2025-12-16T22:57:35.109056,BTCUSDT,long,5m,86032.04,85701.23,0.0001291527164835497,11.111271670621406,-0.042725010139922776,-0.003845195348151662,,SL_HIT,,,,,
2025-12-16T22:59:01.155685,BTCUSDT,long,5m,85701.23,86280.0,0.0005834221982578314,50.0,0.33766726568568745,0.0067533453137137486,,TP_HIT,,,,,
2025-12-16T23:00:52.417225,BTCUSDT,long,5m,85925.75,85306.78,0.0007163419170270463,61.55221647698672,-0.4433941563822317,-0.007203544921051038,,SL_HIT,,,,,
2025-12-16T23:01:08.903291,BTCUSDT,long,5m,85306.78,84428.34,0.00030318153140511265,25.863440199639037,-0.26632678444750785,-0.010297423018428339,,SL_HIT,,,,,
2025-12-16T23:03:12.500234,BTCUSDT,long,5m,86280.0,86806.93,0.0005795085767269356,50.0,0.30536045433472014,0.006107209086694403,,TP_HIT,,,,,
2025-12-16T23:03:18.474641,BTCUSDT,long,5m,84428.34,84535.79,0.00011844364108070822,10.0,0.012726769234121754,0.0012726769234121754,,TRAILING_STOP_LONG,,,,,
2025-12-16T23:06:44.299026,BTCUSDT,long,5m,86806.93,86576.0,0.00011519817599816052,10.0,-0.026602714783254405,-0.0026602714783254405,,SL_HIT,,,,,
2025-12-16T23:07:15.300207,BTCUSDT,long,5m,86576.0,86453.31,0.0002856901725779064,24.733912381104822,-0.035051327273584,-0.0014171363888375802,,SL_HIT,,,,,
2025-12-16T23:07:50.130235,BTCUSDT,long,5m,86453.31,86286.67,0.0005783468556611656,50.0,-0.0963757200273763,-0.0019275144005475259,,SL_HIT,,,,,
2025-12-16T23:08:16.594194,BTCUSDT,long,5m,86286.67,86149.15,0.00011589275608851287,10.0,-0.015937571817292762,-0.0015937571817292763,,SL_HIT,,,,,
2025-12-16T23:08:33.824310,BTCUSDT,long,5m,86149.15,85993.06,0.0005803887792276535,50.0,-0.0905928845496424,-0.001811857690992848,,SL_HIT,,,,,
2025-12-16T23:09:18.100449,BTCUSDT,long,5m,85993.06,85710.35,0.00018196377323325785,15.647621669473935,-0.05144297833077285,-0.0032875908823338986,,SL_HIT,,,,,
2025-12-16T23:09:34.574739,BTCUSDT,long,5m,85710.35,85484.0,0.0005833601192854771,50.0,-0.13204356300027115,-0.002640871260005423,,SL_HIT,,,,,
2025-12-16T23:09:43.105858,BTCUSDT,long,5m,85484.0,84820.74,0.00011698095550044452,10.0,-0.07758878854522422,-0.007758878854522422,,SL_HIT,,,,,
2025-12-16T23:10:08.354720,BTCUSDT,long,5m,84820.74,85925.75,0.00011789569390693832,10.0,0.1302759207241053,0.01302759207241053,,TP_HIT,,,,,
2025-12-16T23:10:12.597687,BTCUSDT,long,5m,84535.79,85884.67,0.0005914654609603814,50.0,0.7978159309802421,0.01595631861960484,,TP_HIT,,,,,
2025-12-16T23:11:40.912852,BTCUSDT,long,5m,85884.67,86638.53,0.0005821760740304411,50.0,0.43887925516858867,0.008777585103371774,,TP_HIT,,,,,
2025-12-16T23:12:44.168955,TESTUSDT,long,5m,100.0,101.0,1.0,100.0,1.0,0.01,,manual_test,,,,,
2025-12-16T23:14:05.447884,BTCUSDT,long,5m,85925.75,85306.78,0.0007163419170270463,61.55221647698672,-0.4433941563822317,-0.007203544921051038,,SL_HIT,,,,,
2025-12-16T23:14:20.909954,BTCUSDT,long,5m,85306.78,84428.34,0.00030318153140511265,25.863440199639037,-0.26632678444750785,-0.010297423018428339,,SL_HIT,,,,,
2025-12-16T23:14:35.514813,BTCUSDT,long,5m,86638.53,86258.43,0.0005771104380464442,50.0,-0.2193596775014568,-0.004387193550029136,,SL_HIT,,,,,
2025-12-16T23:16:11.244584,TESTUSDT,long,5m,100.0,101.0,1.0,100.0,1.0,0.01,,manual_test2,,,,,
2025-12-16T23:16:37.457166,BTCUSDT,long,5m,84428.34,84535.79,0.00011844364108070822,10.0,0.012726769234121754,0.0012726769234121754,,TRAILING_STOP_LONG,,,,,
2025-12-16T23:16:46.003264,BTCUSDT,long,5m,86258.43,86989.34,0.0005796534900994604,50.0,0.42367453244859865,0.008473490648971974,,TP_HIT,,,,,
2025-12-16T23:17:03.014437,BTCUSDT,long,5m,86989.34,86663.66,0.0010346095280180307,90.0,-0.336951631084905,-0.0037439070120545,,SL_HIT,,,,,
2025-12-16T23:19:29.309913,TESTUSDT,long,5m,100.0,101.0,1.0,100.0,1.0,0.01,,manual_test3,,,0.9435428678,0.7267305791,
2025-12-16T23:20:51.303140,BTCUSDT,long,5m,86663.66,86240.01,0.0010384975663386476,90.0,-0.4399594939793771,-0.004888438821993079,,SL_HIT,,,,,
2025-12-16T23:21:08.059800,BTCUSDT,long,5m,86240.01,86974.0,0.0005797772982633003,50.0,0.4255507391522828,0.008511014783045657,,TP_HIT,,,,,
2025-12-16T23:23:28.160228,BTCUSDT,long,5m,84535.79,85884.67,0.0005914654609603814,50.0,0.7978159309802421,0.01595631861960484,,TP_HIT,,,,,
2025-12-16T23:24:55.515109,BTCUSDT,long,5m,85884.67,86638.53,0.0005821760740304411,50.0,0.43887925516858867,0.008777585103371774,,TP_HIT,,,,,
2025-12-16T23:27:46.819098,BTCUSDT,long,5m,86638.53,86258.43,0.0005771104380464442,50.0,-0.2193596775014568,-0.004387193550029136,,SL_HIT,,,,,
2025-12-16T23:28:36.103093,BTCUSDT,long,5m,86974.0,86562.61,0.0005748844482259066,50.0,-0.23650171315565538,-0.004730034263113108,,SL_HIT,,,,,
2025-12-16T23:29:52.593971,BTCUSDT,long,5m,86258.43,86989.34,0.0005796534900994604,50.0,0.42367453244859865,0.008473490648971974,,TP_HIT,,,,,
2025-12-16T23:30:08.847854,BTCUSDT,long,5m,86989.34,86663.66,0.0010346095280180307,90.0,-0.336951631084905,-0.0037439070120545,,SL_HIT,,,,,
2025-12-16T23:30:20.852231,BTCUSDT,long,5m,86562.61,86889.91,0.00011552331890177525,10.0,0.03781078227655137,0.003781078227655137,,TP_HIT,,,,,
2025-12-16T23:33:58.009555,BTCUSDT,long,5m,86663.66,86240.01,0.0010384975663386476,90.0,-0.4399594939793771,-0.004888438821993079,,SL_HIT,,,,,
2025-12-16T23:34:14.269481,BTCUSDT,long,5m,86240.01,86974.0,0.0005797772982633003,50.0,0.4255507391522828,0.008511014783045657,,TP_HIT,,,,,
2025-12-16T23:34:21.775415,BTCUSDT,long,5m,86889.91,87502.01,0.0005754408077992024,50.0,0.3522273184538868,0.007044546369077736,,TP_HIT,,,,,
2025-12-16T23:36:14.288343,BTCUSDT,long,5m,87502.01,87144.19,0.0005714154451994874,50.0,-0.20446387460127627,-0.004089277492025525,,SL_HIT,,,,,
2025-12-16T23:37:34.038450,BTCUSDT,long,5m,87144.19,87708.94,0.00018115415804588917,15.786532368040994,0.10230681075641591,0.006480638583019706,,TP_HIT,,,,,
2025-12-16T23:38:06.261449,BTCUSDT,long,5m,87708.94,88343.06,0.0005700673158289223,50.0,0.3614910863134336,0.007229821726268671,,TP_HIT,,,,,
2025-12-16T23:39:10.793798,BTCUSDT,long,5m,88343.06,89236.58,0.0005659754144807753,50.0,0.5057103523468646,0.010114207046937291,,TP_HIT,,,,,
2025-12-16T23:39:53.565510,BTCUSDT,long,5m,89236.58,90665.59,0.0006603000908364277,58.92292187993215,0.9435754328061602,0.016013724416601295,,TP_HIT,,,,,
2025-12-16T23:41:48.822502,BTCUSDT,long,5m,86974.0,86562.61,0.0005748844482259066,50.0,-0.23650171315565538,-0.004730034263113108,,SL_HIT,,,,,
2025-12-16T23:43:36.797673,BTCUSDT,long,5m,86562.61,86889.91,0.00011552331890177525,10.0,0.03781078227655137,0.003781078227655137,,TP_HIT,,,,,
2025-12-16T23:46:29.297487,BTCUSDT,long,5m,90665.59,92177.06,0.0009926588466473334,90.0,1.5003740669420462,0.016670822966022736,,TP_HIT,,,,,
2025-12-16T23:47:39.553941,BTCUSDT,long,5m,86889.91,87502.01,0.0005754408077992024,50.0,0.3522273184538868,0.007044546369077736,,TP_HIT,,,,,
2025-12-16T23:48:09.072155,BTCUSDT,long,5m,92177.06,91687.91,0.0005424343106625445,50.0,-0.2653317430605805,-0.00530663486121161,,SL_HIT,,,,,
2025-12-16T23:48:34.299283,BTCUSDT,long,5m,91687.91,91231.09,0.0005453281681303457,50.0,-0.2491168137653083,-0.004982336275306166,,SL_HIT,,,,,
2025-12-16T23:49:08.557843,BTCUSDT,long,5m,91231.09,90739.06,0.000161911745686737,14.771385042803816,-0.07966543623024502,-0.005393227243037421,,SL_HIT,,,,,
2025-12-16T23:49:32.902633,BTCUSDT,long,5m,87502.01,87144.19,0.0005714154451994874,50.0,-0.20446387460127627,-0.004089277492025525,,SL_HIT,,,,,
2025-12-16T23:50:54.459547,BTCUSDT,long,5m,87144.19,87708.94,0.00018115415804588917,15.786532368040994,0.10230681075641591,0.006480638583019706,,TP_HIT,,,,,
2025-12-16T23:50:58.202661,BTCUSDT,long,5m,90739.06,91477.72,0.0005510306145997104,50.0,0.40702427378022404,0.00814048547560448,,TP_HIT,,,,,
2025-12-16T23:51:27.197173,BTCUSDT,long,5m,87708.94,88343.06,0.0005700673158289223,50.0,0.3614910863134336,0.007229821726268671,,TP_HIT,,,,,
2025-12-16T23:52:32.953603,BTCUSDT,long,5m,88343.06,89236.58,0.0005659754144807753,50.0,0.5057103523468646,0.010114207046937291,,TP_HIT,,,,,
2025-12-16T23:53:15.253308,BTCUSDT,long,5m,89236.58,90665.59,0.0006603000908364277,58.92292187993215,0.9435754328061602,0.016013724416601295,,TP_HIT,,,,,
2025-12-16T23:55:32.992596,BTCUSDT,long,5m,91477.72,91183.2,0.0005465811784552566,50.0,-0.1609790886786444,-0.003219581773572888,,SL_HIT,,,,,
2025-12-16T23:56:45.768134,BTCUSDT,long,5m,91183.2,91726.28,0.0005483466252555295,50.0,0.29779608524377393,0.005955921704875479,,TP_HIT,,,,,
2025-12-16T23:58:07.020437,BTCUSDT,long,5m,91726.28,92580.59,0.000981180093643828,90.0,0.8382319658008565,0.009313688508898405,,TP_HIT,,,,,
2025-12-16T23:58:15.718884,BTCUSDT,long,5m,92580.59,92221.76,0.0005400700081950224,50.0,-0.19379332104062083,-0.0038758664208124165,,SL_HIT,,,,,
2025-12-16T23:59:47.500225,BTCUSDT,long,5m,90665.59,92177.06,0.0009926588466473334,90.0,1.5003740669420462,0.016670822966022736,,TP_HIT,,,,,
2025-12-17T00:01:27.006626,BTCUSDT,long,5m,92177.06,91687.91,0.0005424343106625445,50.0,-0.2653317430605805,-0.00530663486121161,,SL_HIT,,,,,
2025-12-17T00:01:51.517047,BTCUSDT,long,5m,91687.91,91231.09,0.0005453281681303457,50.0,-0.2491168137653083,-0.004982336275306166,,SL_HIT,,,,,
2025-12-17T00:01:55.016699,BTCUSDT,long,5m,92221.76,93001.48,0.0005421713920879411,50.0,0.4227418778388101,0.008454837556776203,,TP_HIT,,,,,
2025-12-17T00:02:24.275893,BTCUSDT,long,5m,91231.09,90739.06,0.000161911745686737,14.771385042803816,-0.07966543623024502,-0.005393227243037421,,SL_HIT,,,,,
2025-12-17T00:03:11.290098,BTCUSDT,long,5m,93001.48,93514.57,0.0005376258528358904,50.0,0.27585044883157295,0.005517008976631459,,TP_HIT,,,,,
2025-12-17T00:04:10.266434,BTCUSDT,long,5m,90739.06,91477.72,0.0005510306145997104,50.0,0.40702427378022404,0.00814048547560448,,TP_HIT,,,,,
2025-12-17T00:07:03.031111,BTCUSDT,long,5m,93514.57,92877.63,0.000534676040321845,50.0,-0.3405565571225972,-0.006811131142451944,,SL_HIT,,,,,
2025-12-17T00:08:53.012941,BTCUSDT,long,5m,91477.72,91183.2,0.0005465811784552566,50.0,-0.1609790886786444,-0.003219581773572888,,SL_HIT,,,,,
2025-12-17T00:10:07.316741,BTCUSDT,long,5m,91183.2,91726.28,0.0005483466252555295,50.0,0.29779608524377393,0.005955921704875479,,TP_HIT,,,,,
2025-12-17T00:11:25.714327,BTCUSDT,long,5m,91726.28,92580.59,0.000981180093643828,90.0,0.8382319658008565,0.009313688508898405,,TP_HIT,,,,,
2025-12-17T00:11:34.963689,BTCUSDT,long,5m,92580.59,92221.76,0.0005400700081950224,50.0,-0.19379332104062083,-0.0038758664208124165,,SL_HIT,,,,,
2025-12-17T00:15:15.470447,BTCUSDT,long,5m,92221.76,93001.48,0.0005421713920879411,50.0,0.4227418778388101,0.008454837556776203,,TP_HIT,,,,,
2025-12-17T00:16:32.757350,BTCUSDT,long,5m,93001.48,93514.57,0.0005376258528358904,50.0,0.27585044883157295,0.005517008976631459,,TP_HIT,,,,,
2025-12-17T00:18:14.988116,BTCUSDT,long,5m,92877.63,91754.55,0.0007320474841163079,67.99083537218533,-0.8221478884613443,-0.01209203981626148,,SL_HIT,,,,,
2025-12-17T00:18:58.251751,BTCUSDT,long,5m,91754.55,92540.06,0.00010898642083689582,10.0,0.08560992343158946,0.008560992343158946,,TP_HIT,,,,,
2025-12-17T00:19:25.760127,BTCUSDT,long,5m,92540.06,93502.76,0.0005403065439983505,50.0,0.5201531099072105,0.01040306219814421,,TP_HIT,,,,,
2025-12-17T00:19:43.959218,BTCUSDT,long,5m,93502.76,92686.36,0.0009625384320206163,90.0,-0.7858163759016256,-0.008731293065573617,,SL_HIT,,,,,
2025-12-17T00:20:30.507264,BTCUSDT,long,5m,93514.57,92877.63,0.000534676040321845,50.0,-0.3405565571225972,-0.006811131142451944,,SL_HIT,,,,,
2025-12-17T00:21:58.776635,BTCUSDT,long,5m,92686.36,91890.79,0.000539453701709723,50.0,-0.4291731814692081,-0.008583463629384162,,SL_HIT,,,,,
2025-12-17T00:24:56.867777,BTCUSDT,long,5m,91890.79,93006.69,0.000544124171747789,50.0,0.6071881632533624,0.01214376326506725,,TP_HIT,,,,,
2025-12-17T00:26:41.112260,BTCUSDT,long,5m,93006.69,92529.68,0.0009676723255069071,90.0,-0.4615893759900587,-0.005128770844333986,,SL_HIT,,,,,
2025-12-17T00:31:01.364293,BTCUSDT,long,5m,92529.68,93276.2,0.0009726608802710655,90.0,0.7261108003399598,0.008067897781555108,,TP_HIT,,,,,
2025-12-17T00:31:47.113313,BTCUSDT,long,5m,92877.63,91754.55,0.0007320474841163079,67.99083537218533,-0.8221478884613443,-0.01209203981626148,,SL_HIT,,,,,
2025-12-17T00:32:26.130651,BTCUSDT,long,5m,91754.55,92540.06,0.00010898642083689582,10.0,0.08560992343158946,0.008560992343158946,,TP_HIT,,,,,
2025-12-17T00:32:49.862737,BTCUSDT,long,5m,92540.06,93502.76,0.0005403065439983505,50.0,0.5201531099072105,0.01040306219814421,,TP_HIT,,,,,
2025-12-17T00:33:05.852894,BTCUSDT,long,5m,93502.76,92686.36,0.0009625384320206163,90.0,-0.7858163759016256,-0.008731293065573617,,SL_HIT,,,,,
2025-12-17T00:33:36.215888,BTCUSDT,long,5m,93276.2,93828.0,0.00010720848405059383,10.0,0.05915764149911799,0.005915764149911799,,TP_HIT,,,,,
2025-12-17T00:35:07.196677,BTCUSDT,long,5m,93828.0,93429.95,0.0005328899688792258,50.0,-0.21211685211237738,-0.004242337042247548,,SL_HIT,,,,,
2025-12-17T00:35:08.203923,BTCUSDT,long,5m,92686.36,91890.79,0.000539453701709723,50.0,-0.4291731814692081,-0.008583463629384162,,SL_HIT,,,,,
2025-12-17T00:35:31.963021,BTCUSDT,long,5m,93429.95,92952.99,0.000535160299240233,50.0,-0.25525005632561715,-0.005105001126512343,,SL_HIT,,,,,
2025-12-17T00:36:05.201137,BTCUSDT,long,5m,92952.99,92676.71,0.0002688063155984101,24.986350765755862,-0.07426580887352843,-0.0029722551151931615,,SL_HIT,,,,,
2025-12-17T00:36:55.433788,BTCUSDT,long,5m,92676.71,93231.01,0.0005395098725451086,50.0,0.29905032235174744,0.005981006447034949,,TP_HIT,,,,,
2025-12-17T00:38:11.702765,BTCUSDT,long,5m,91890.79,93006.69,0.000544124171747789,50.0,0.6071881632533624,0.01214376326506725,,TP_HIT,,,,,
2025-12-17T00:39:03.006148,BTCUSDT,long,5m,93231.01,93912.2,0.0005363022453580628,50.0,0.36532372651546,0.0073064745303092005,,TP_HIT,,,,,
2025-12-17T00:39:55.990680,BTCUSDT,long,5m,93006.69,92529.68,0.0009676723255069071,90.0,-0.4615893759900587,-0.005128770844333986,,SL_HIT,,,,,
2025-12-17T00:41:05.805489,BTCUSDT,long,5m,93912.2,93545.34,0.0005324121892576257,50.0,-0.19532073575105288,-0.0039064147150210575,,SL_HIT,,,,,
2025-12-17T00:43:38.901255,BTCUSDT,long,5m,93545.34,93130.11,0.0005345001685813532,50.0,-0.22194050500003312,-0.004438810100000663,,SL_HIT,,,,,
2025-12-17T00:44:18.625123,BTCUSDT,long,5m,92529.68,93276.2,0.0009726608802710655,90.0,0.7261108003399598,0.008067897781555108,,TP_HIT,,,,,
2025-12-17T00:46:20.436611,BTCUSDT,long,5m,93276.2,93828.0,0.00010720848405059383,10.0,0.05915764149911799,0.005915764149911799,,TP_HIT,,,,,
2025-12-17T00:47:29.477726,BTCUSDT,long,5m,93828.0,93429.95,0.0005328899688792258,50.0,-0.21211685211237738,-0.004242337042247548,,SL_HIT,,,,,
2025-12-17T00:47:48.453293,BTCUSDT,long,5m,93429.95,92952.99,0.000535160299240233,50.0,-0.25525005632561715,-0.005105001126512343,,SL_HIT,,,,,
2025-12-17T00:48:15.448078,BTCUSDT,long,5m,92952.99,92676.71,0.0002688063155984101,24.986350765755862,-0.07426580887352843,-0.0029722551151931615,,SL_HIT,,,,,
2025-12-17T00:49:00.701238,BTCUSDT,long,5m,92676.71,93231.01,0.0005395098725451086,50.0,0.29905032235174744,0.005981006447034949,,TP_HIT,,,,,
2025-12-17T00:51:00.966244,BTCUSDT,long,5m,93231.01,93912.2,0.0005363022453580628,50.0,0.36532372651546,0.0073064745303092005,,TP_HIT,,,,,
2025-12-17T00:51:25.447766,BTCUSDT,long,5m,91138.54,91501.4,0.0005486153278294781,50.0,0.19907055785620476,0.003981411157124095,,TP_HIT,,,,0.7267305791378021,
2025-12-17T00:52:40.973155,BTCUSDT,long,5m,91501.4,91329.6,0.0005464397266052761,50.0,-0.09387834503078007,-0.0018775669006156014,,SL_HIT,,,,0.7267305791378021,
2025-12-17T00:53:00.210812,BTCUSDT,long,5m,93912.2,93545.34,0.0005324121892576257,50.0,-0.19532073575105288,-0.0039064147150210575,,SL_HIT,,,,,
2025-12-17T00:54:03.687077,BTCUSDT,long,5m,91329.6,91147.17,0.0005474676337134948,50.0,-0.099874520418357,-0.00199749040836714,,SL_HIT,,,,0.7267305791378021,
2025-12-17T00:54:13.707849,BTCUSDT,long,5m,91147.17,90958.03,0.00010971267676220775,10.0,-0.02075105568280391,-0.0020751055682803913,,SL_HIT,,,,0.7267305791378021,
2025-12-17T00:55:27.719765,BTCUSDT,long,5m,90958.03,91510.76,0.0001772393079513869,16.121338289821487,0.09796548268396936,0.006076758698489798,,TP_HIT,,,,0.7267306089401245,
2025-12-17T00:55:31.481777,BTCUSDT,long,5m,93545.34,93130.11,0.0005345001685813532,50.0,-0.22194050500003312,-0.004438810100000663,,SL_HIT,,,,,
2025-12-17T00:57:53.743782,BTCUSDT,long,5m,91510.76,91173.34,0.000983490903146253,90.0,-0.33184950053960693,-0.0036872166726622992,,SL_HIT,,,,0.7267306089401245,
2025-12-17T00:59:59.944096,BTCUSDT,long,5m,91173.34,91627.59,0.0005484059265570396,50.0,0.24911339213853526,0.004982267842770705,,TP_HIT,,,,0.7267305791378021,
2025-12-17T01:00:18.976904,BTCUSDT,long,5m,91627.59,92325.47,0.00010913743338660332,10.0,0.07616483201184324,0.007616483201184324,,TP_HIT,,,,0.7267305791378021,
2025-12-17T01:01:08.487266,BTCUSDT,long,5m,92325.47,92964.17,0.0009748122592822977,90.0,0.6226125900036007,0.006917917666706674,,TP_HIT,,,,0.7267306089401245,
2025-12-17T01:01:14.735853,BTCUSDT,long,5m,92964.17,92580.12,0.0006385419329246707,59.36152080453769,-0.24523202933972166,-0.004131161500178003,,SL_HIT,,,,0.7267305791378021,
2025-12-17T01:01:26.963520,BTCUSDT,long,5m,92580.12,92010.5,0.00010801454999194213,10.0,-0.06152724796640957,-0.006152724796640957,,SL_HIT,,,,0.7267305791378021,
2025-12-17T01:03:10.733615,BTCUSDT,long,5m,91138.54,91501.4,0.0005486153278294781,50.0,0.19907055785620476,0.003981411157124095,,TP_HIT,,,,0.7267305791378021,
2025-12-17T01:03:39.234697,BTCUSDT,long,5m,92010.5,91385.24,0.0005434162405377647,50.0,-0.3397764385586399,-0.006795528771172799,,SL_HIT,,,,0.7267306089401245,
2025-12-17T01:04:24.238081,BTCUSDT,long,5m,91501.4,91329.6,0.0005464397266052761,50.0,-0.09387834503078007,-0.0018775669006156014,,SL_HIT,,,,0.7267305791378021,
2025-12-17T01:04:26.481473,BTCUSDT,long,5m,91385.24,90936.23,0.0005471343074658446,50.0,-0.24566877539524395,-0.004913375507904879,,SL_HIT,,,,0.7267306089401245,
2025-12-17T01:05:09.950535,BTCUSDT,long,5m,90936.23,90480.01,0.0005498358575014601,50.0,-0.25084611490931674,-0.005016922298186335,,SL_HIT,,,,0.7267306089401245,
2025-12-17T01:05:41.229194,BTCUSDT,long,5m,91329.6,91147.17,0.0005474676337134948,50.0,-0.099874520418357,-0.00199749040836714,,SL_HIT,,,,0.7267305791378021,
2025-12-17T01:05:51.938415,BTCUSDT,long,5m,91147.17,90958.03,0.00010971267676220775,10.0,-0.02075105568280391,-0.0020751055682803913,,SL_HIT,,,,0.7267305791378021,
2025-12-17T01:07:03.469736,BTCUSDT,long,5m,90958.03,91510.76,0.0001772393079513869,16.121338289821487,0.09796548268396936,0.006076758698489798,,TP_HIT,,,,0.7267306089401245,
2025-12-17T01:09:46.960257,BTCUSDT,long,5m,91510.76,91173.34,0.000983490903146253,90.0,-0.33184950053960693,-0.0036872166726622992,,SL_HIT,,,,0.7267306089401245,
2025-12-17T01:12:39.749990,BTCUSDT,long,5m,91173.34,91627.59,0.0005484059265570396,50.0,0.24911339213853526,0.004982267842770705,,TP_HIT,,,,0.7267305791378021,
2025-12-17T01:13:00.062878,BTCUSDT,long,5m,91627.59,92325.47,0.00010913743338660332,10.0,0.07616483201184324,0.007616483201184324,,TP_HIT,,,,0.7267305791378021,
2025-12-17T01:13:53.078098,BTCUSDT,long,5m,92325.47,92964.17,0.0009748122592822977,90.0,0.6226125900036007,0.006917917666706674,,TP_HIT,,,,0.7267306089401245,
2025-12-17T01:13:59.589346,BTCUSDT,long,5m,92964.17,92580.12,0.0006385419329246707,59.36152080453769,-0.24523202933972166,-0.004131161500178003,,SL_HIT,,,,0.7267305791378021,
2025-12-17T01:14:12.846973,BTCUSDT,long,5m,92580.12,92010.5,0.00010801454999194213,10.0,-0.06152724796640957,-0.006152724796640957,,SL_HIT,,,,0.7267305791378021,
2025-12-17T01:16:31.102922,BTCUSDT,long,5m,92010.5,91385.24,0.0005434162405377647,50.0,-0.3397764385586399,-0.006795528771172799,,SL_HIT,,,,0.7267306089401245,
2025-12-17T01:17:19.390641,BTCUSDT,long,5m,91385.24,90936.23,0.0005471343074658446,50.0,-0.24566877539524395,-0.004913375507904879,,SL_HIT,,,,0.7267306089401245,
2025-12-17T01:17:59.928900,BTCUSDT,long,5m,90936.23,90480.01,0.0005498358575014601,50.0,-0.25084611490931674,-0.005016922298186335,,SL_HIT,,,,0.7267306089401245,
2025-12-17T01:44:15.976613,BTCUSDT,long,5m,90480.01,90289.58,0.00014871635962065643,13.45585770564059,-0.028320056362560565,-0.002104663781535756,,TRAILING_STOP_LONG,,,,0.7267306089401245,
2025-12-17T01:46:07.563280,BTCUSDT,long,5m,90289.58,90798.11,0.00011075475154497341,10.0,0.0563221138031652,0.00563221138031652,,TP_HIT,,,,0.7267305791378021,
2025-12-17T01:47:16.587538,BTCUSDT,long,5m,90798.11,90467.48,0.0005506722551824042,50.0,-0.18206876773096087,-0.0036413753546192173,,SL_HIT,,,,0.7267305791378021,
2025-12-17T01:48:22.101979,BTCUSDT,long,5m,90467.48,90808.05,0.00012218785750637358,11.054027555200701,0.041613518630946505,0.0037645571646298427,,TP_HIT,,,,0.7267305791378021,
2025-12-17T01:58:08.779328,BTCUSDT,long,5m,90480.01,90289.58,0.00014871635962065643,13.45585770564059,-0.028320056362560565,-0.002104663781535756,,TRAILING_STOP_LONG,,,,0.7267306089401245,
2025-12-17T01:58:58.763830,BTCUSDT,long,5m,90808.05,90638.13,0.0005506119776825953,50.0,-0.09355998724782562,-0.0018711997449565123,,SL_HIT,,,,0.7267305791378021,
2025-12-17T01:59:14.255706,BTCUSDT,long,5m,90638.13,90480.19,0.00011032884283910094,10.0,-0.017425337438007858,-0.0017425337438007858,,SL_HIT,,,,0.7267305791378021,
2025-12-17T01:59:38.532677,BTCUSDT,long,5m,90480.19,90728.09,0.0001272664379325149,11.515091484757155,0.0315493499634697,0.002739826253680437,,TP_HIT,,,,0.7267305791378021,
2025-12-17T01:59:57.774399,BTCUSDT,long,5m,90289.58,90798.11,0.00011075475154497341,10.0,0.0563221138031652,0.00563221138031652,,TP_HIT,,,,0.7267305791378021,
2025-12-17T02:01:03.530081,BTCUSDT,long,5m,90798.11,90467.48,0.0005506722551824042,50.0,-0.18206876773096087,-0.0036413753546192173,,SL_HIT,,,,0.7267305791378021,
2025-12-17T02:02:11.322570,BTCUSDT,long,5m,90467.48,90808.05,0.00012218785750637358,11.054027555200701,0.041613518630946505,0.0037645571646298427,,TP_HIT,,,,0.7267305791378021,
2025-12-17T02:06:43.590317,BTCUSDT,long,5m,90728.09,91033.42,0.000575957488203512,52.255522825902176,0.17585709987317932,0.00336533040649265,,TP_HIT,,,,0.7267305791378021,
2025-12-17T02:06:51.809597,BTCUSDT,long,5m,91033.42,90928.51,0.000988647905351683,90.0,-0.10371905175044852,-0.001152433908338317,,SL_HIT,,,,0.7267305791378021,
2025-12-17T02:07:41.102558,BTCUSDT,long,5m,90928.51,91310.84,0.000549882539590718,50.0,0.21023659136172018,0.004204731827234404,,TP_HIT,,,,0.7267305791378021,
2025-12-17T02:07:49.586963,BTCUSDT,long,5m,91310.84,91161.61,0.0009856442017179999,90.0,-0.14708768422237312,-0.0016343076024708124,,SL_HIT,,,,0.7267305791378021,
2025-12-17T02:08:06.092138,BTCUSDT,long,5m,91161.61,90976.25,0.00014688109509181972,13.389917107133384,-0.02722587978621979,-0.002033312048788965,,SL_HIT,,,,0.7267305791378021,
2025-12-17T02:09:14.997358,BTCUSDT,long,5m,90976.25,91488.33,0.0005495939874417773,50.0,0.2814360890891863,0.005628721781783727,,TP_HIT,,,,0.7267305791378021,
2025-12-17T02:11:30.038249,BTCUSDT,long,5m,91488.33,91244.0,0.0009837320235269351,90.0,-0.24035524530833777,-0.0026706138367593086,,SL_HIT,,,,0.7267305791378021,
2025-12-17T02:12:52.800176,BTCUSDT,long,5m,90808.05,90638.13,0.0005506119776825953,50.0,-0.09355998724782562,-0.0018711997449565123,,SL_HIT,,,,0.7267305791378021,
2025-12-17T02:13:08.583318,BTCUSDT,long,5m,90638.13,90480.19,0.00011032884283910094,10.0,-0.017425337438007858,-0.0017425337438007858,,SL_HIT,,,,0.7267305791378021,
2025-12-17T02:13:32.802360,BTCUSDT,long,5m,90480.19,90728.09,0.0001272664379325149,11.515091484757155,0.0315493499634697,0.002739826253680437,,TP_HIT,,,,0.7267305791378021,
2025-12-17T02:13:41.814255,BTCUSDT,long,5m,91244.0,91101.89,0.0005479812371224409,50.0,-0.0778736136074704,-0.0015574722721494081,,SL_HIT,,,,0.7267305791378021,
2025-12-17T02:14:35.833675,BTCUSDT,long,5m,91101.89,91330.12,0.0005488360340273951,50.0,0.12526084804607016,0.002505216960921403,,TP_HIT,,,,0.7267305791378021,
2025-12-17T02:16:08.557753,BTCUSDT,long,5m,91330.12,91713.17,0.0005474645166348189,50.0,0.20970628309696898,0.00419412566193938,,TP_HIT,,,,0.7267305791378021,
2025-12-17T02:17:47.081235,BTCUSDT,long,5m,91713.17,91553.2,0.000545177971713332,50.0,-0.08721212013498235,-0.001744242402699647,,SL_HIT,,,,0.7267305791378021,
2025-12-17T02:18:20.827377,BTCUSDT,long,5m,91553.2,91299.0,0.0001300522747941471,11.906701924683508,-0.03305928825267181,-0.002776527745616724,,SL_HIT,,,,0.7267305791378021,
2025-12-17T02:20:42.592934,BTCUSDT,long,5m,90728.09,91033.42,0.000575957488203512,52.255522825902176,0.17585709987317932,0.00336533040649265,,TP_HIT,,,,0.7267305791378021,
2025-12-17T02:20:50.346125,BTCUSDT,long,5m,91033.42,90928.51,0.000988647905351683,90.0,-0.10371905175044852,-0.001152433908338317,,SL_HIT,,,,0.7267305791378021,
2025-12-17T02:21:14.098903,BTCUSDT,long,5m,91299.0,91707.92,0.0007295718546396264,66.60918075674324,0.2983365227992347,0.004478909955202119,,TP_HIT,,,,0.7267305791378021,
2025-12-17T02:21:38.872719,BTCUSDT,long,5m,90928.51,91310.84,0.000549882539590718,50.0,0.21023659136172018,0.004204731827234404,,TP_HIT,,,,0.7267305791378021,
2025-12-17T02:21:46.842262,BTCUSDT,long,5m,91310.84,91161.61,0.0009856442017179999,90.0,-0.14708768422237312,-0.0016343076024708124,,SL_HIT,,,,0.7267305791378021,
2025-12-17T02:22:03.340399,BTCUSDT,long,5m,91161.61,90976.25,0.00014688109509181972,13.389917107133384,-0.02722587978621979,-0.002033312048788965,,SL_HIT,,,,0.7267305791378021,
2025-12-17T02:22:27.075461,BTCUSDT,long,5m,91707.92,91530.0,0.0005452091814970834,50.0,-0.09700361757196012,-0.0019400723514392023,,SL_HIT,,,,0.7267305791378021,
2025-12-17T02:23:06.882852,BTCUSDT,long,5m,90976.25,91488.33,0.0005495939874417773,50.0,0.2814360890891863,0.005628721781783727,,TP_HIT,,,,0.7267305791378021,
2025-12-17T02:23:07.850981,BTCUSDT,long,5m,91530.0,91350.85,0.000546268982847154,50.0,-0.09786408827706446,-0.001957281765541289,,SL_HIT,,,,0.7267305791378021,
2025-12-17T02:25:21.638356,BTCUSDT,long,5m,91488.33,91244.0,0.0009837320235269351,90.0,-0.24035524530833777,-0.0026706138367593086,,SL_HIT,,,,0.7267305791378021,
2025-12-17T02:27:30.666379,BTCUSDT,long,5m,91244.0,91101.89,0.0005479812371224409,50.0,-0.0778736136074704,-0.0015574722721494081,,SL_HIT,,,,0.7267305791378021,
2025-12-17T02:28:19.248295,BTCUSDT,long,5m,91101.89,91330.12,0.0005488360340273951,50.0,0.12526084804607016,0.002505216960921403,,TP_HIT,,,,0.7267305791378021,
2025-12-17T02:29:01.238936,BTCUSDT,long,5m,91350.85,91166.74,0.00054734028200066,50.0,-0.10077081931914184,-0.0020154163863828367,,SL_HIT,,,,0.7267305791378021,
2025-12-17T02:29:16.044410,BTCUSDT,long,5m,91166.74,90957.44,0.000109689125661398,10.0,-0.022957934000930918,-0.002295793400093092,,SL_HIT,,,,0.7267305791378021,
2025-12-17T02:29:48.276700,BTCUSDT,long,5m,91330.12,91713.17,0.0005474645166348189,50.0,0.20970628309696898,0.00419412566193938,,TP_HIT,,,,0.7267305791378021,
2025-12-17T02:30:31.557409,BTCUSDT,long,5m,90957.44,91292.06,0.00015489625375932347,14.08896670753844,0.0518313844329441,0.0036788634332715975,,TP_HIT,,,,0.7267305791378021,
2025-12-17T02:31:12.815364,BTCUSDT,long,5m,91292.06,91100.01,0.0005476927566318473,50.0,-0.10518439391114785,-0.002103687878222957,,SL_HIT,,,,0.7267305791378021,
2025-12-17T02:31:25.303840,BTCUSDT,long,5m,91713.17,91553.2,0.000545177971713332,50.0,-0.08721212013498235,-0.001744242402699647,,SL_HIT,,,,0.7267305791378021,
2025-12-17T02:31:57.823830,BTCUSDT,long,5m,91553.2,91299.0,0.0001300522747941471,11.906701924683508,-0.03305928825267181,-0.002776527745616724,,SL_HIT,,,,0.7267305791378021,
2025-12-17T02:32:12.554379,BTCUSDT,long,5m,91100.01,90908.68,0.0005488473601704325,50.0,-0.10501096542140981,-0.002100219308428196,,SL_HIT,,,,0.7267305791378021,
2025-12-17T02:32:45.319875,BTCUSDT,long,5m,90908.68,90660.45,0.00012407165624002124,11.279190494194093,-0.030798307228459967,-0.0027305423420513415,,SL_HIT,,,,0.7267305791378021,
2025-12-17T02:33:26.552299,BTCUSDT,long,5m,90660.45,90395.39,0.00018300406202706904,16.59123061520199,-0.04850705668089449,-0.002923656346289895,,SL_HIT,,,,0.7267305791378021,
2025-12-17T02:33:41.775300,BTCUSDT,long,5m,90395.39,89816.17,0.00011062511041768833,10.0,-0.06407627645613356,-0.006407627645613356,,SL_HIT,,,,0.7267305791378021,
2025-12-17T02:33:50.789064,BTCUSDT,long,5m,89816.17,89144.95,0.00011133852623642268,10.0,-0.07473264558041176,-0.007473264558041176,,SL_HIT,,,,0.7267305791378021,
2025-12-17T02:34:07.300057,BTCUSDT,long,5m,89144.95,88719.99,0.00011217685354021736,10.0,-0.04767067568044986,-0.004767067568044986,,SL_HIT,,,,0.7267305791378021,
2025-12-17T02:34:30.559381,BTCUSDT,long,5m,88719.99,87950.0,0.00017059986890921307,15.135618663626696,-0.13136019306140587,-0.00867887834522981,,SL_HIT,,,,0.7267305791378021,
2025-12-17T02:34:48.551559,BTCUSDT,long,5m,91299.0,91707.92,0.0007295718546396264,66.60918075674324,0.2983365227992347,0.004478909955202119,,TP_HIT,,,,0.7267305791378021,
2025-12-17T02:35:02.768958,BTCUSDT,long,5m,87950.0,87150.71,0.00011370096645821489,10.0,-0.09088004548038585,-0.009088004548038585,,SL_HIT,,,,0.7267305791378021,
2025-12-17T02:36:03.042422,BTCUSDT,long,5m,91707.92,91530.0,0.0005452091814970834,50.0,-0.09700361757196012,-0.0019400723514392023,,SL_HIT,,,,0.7267305791378021,
2025-12-17T02:36:43.270232,BTCUSDT,long,5m,91530.0,91350.85,0.000546268982847154,50.0,-0.09786408827706446,-0.001957281765541289,,SL_HIT,,,,0.7267305791378021,
2025-12-17T02:38:08.798299,BTCUSDT,long,5m,87150.71,86495.0,0.0005737187912754812,50.0,-0.37619314862724945,-0.007523862972544989,,TRAILING_STOP_LONG,,,,0.7267305791378021,
2025-12-17T02:40:28.036881,BTCUSDT,long,5m,86495.0,86032.04,0.0005780680964217584,50.0,-0.267622405919421,-0.00535244811838842,,SL_HIT,,,,0.7267305791378021,
2025-12-17T02:42:13.106015,BTCUSDT,long,5m,86032.04,85701.23,0.0001291527164835497,11.111271670621406,-0.042725010139922776,-0.003845195348151662,,SL_HIT,,,,0.7267305791378021,
2025-12-17T02:42:36.803398,BTCUSDT,long,5m,91350.85,91166.74,0.00054734028200066,50.0,-0.10077081931914184,-0.0020154163863828367,,SL_HIT,,,,0.7267305791378021,
2025-12-17T02:42:54.086531,BTCUSDT,long,5m,91166.74,90957.44,0.000109689125661398,10.0,-0.022957934000930918,-0.002295793400093092,,SL_HIT,,,,0.7267305791378021,
2025-12-17T02:43:42.089460,BTCUSDT,long,5m,85701.23,86280.0,0.0005834221982578314,50.0,0.33766726568568745,0.0067533453137137486,,TP_HIT,,,,0.7267305791378021,
2025-12-17T02:44:11.586955,BTCUSDT,long,5m,90957.44,91292.06,0.00015489625375932347,14.08896670753844,0.0518313844329441,0.0036788634332715975,,TP_HIT,,,,0.7267305791378021,
2025-12-17T02:44:52.629472,BTCUSDT,long,5m,91292.06,91100.01,0.0005476927566318473,50.0,-0.10518439391114785,-0.002103687878222957,,SL_HIT,,,,0.7267305791378021,
2025-12-17T02:45:51.118322,BTCUSDT,long,5m,91100.01,90908.68,0.0005488473601704325,50.0,-0.10501096542140981,-0.002100219308428196,,SL_HIT,,,,0.7267305791378021,
2025-12-17T02:46:22.838499,BTCUSDT,long,5m,90908.68,90660.45,0.00012407165624002124,11.279190494194093,-0.030798307228459967,-0.0027305423420513415,,SL_HIT,,,,0.7267305791378021,
2025-12-17T02:47:04.384671,BTCUSDT,long,5m,90660.45,90395.39,0.00018300406202706904,16.59123061520199,-0.04850705668089449,-0.002923656346289895,,SL_HIT,,,,0.7267305791378021,
2025-12-17T02:47:19.911192,BTCUSDT,long,5m,90395.39,89816.17,0.00011062511041768833,10.0,-0.06407627645613356,-0.006407627645613356,,SL_HIT,,,,0.7267305791378021,
2025-12-17T02:47:28.125733,BTCUSDT,long,5m,89816.17,89144.95,0.00011133852623642268,10.0,-0.07473264558041176,-0.007473264558041176,,SL_HIT,,,,0.7267305791378021,
2025-12-17T02:47:44.361209,BTCUSDT,long,5m,89144.95,88719.99,0.00011217685354021736,10.0,-0.04767067568044986,-0.004767067568044986,,SL_HIT,,,,0.7267305791378021,
2025-12-17T02:47:49.404610,BTCUSDT,long,5m,86280.0,86806.93,0.0005795085767269356,50.0,0.30536045433472014,0.006107209086694403,,TP_HIT,,,,0.7267305791378021,
2025-12-17T02:48:09.353070,BTCUSDT,long,5m,88719.99,87950.0,0.00017059986890921307,15.135618663626696,-0.13136019306140587,-0.00867887834522981,,SL_HIT,,,,0.7267305791378021,
2025-12-17T02:48:42.124488,BTCUSDT,long,5m,87950.0,87150.71,0.00011370096645821489,10.0,-0.09088004548038585,-0.009088004548038585,,SL_HIT,,,,0.7267305791378021,
2025-12-17T02:51:22.888337,BTCUSDT,long,5m,86806.93,86576.0,0.00011519817599816052,10.0,-0.026602714783254405,-0.0026602714783254405,,SL_HIT,,,,0.7267305791378021,
2025-12-17T02:51:51.137934,BTCUSDT,long,5m,87150.71,86495.0,0.0005737187912754812,50.0,-0.37619314862724945,-0.007523862972544989,,TRAILING_STOP_LONG,,,,0.7267305791378021,
2025-12-17T02:51:54.620943,BTCUSDT,long,5m,86576.0,86453.31,0.0002856901725779064,24.733912381104822,-0.035051327273584,-0.0014171363888375802,,SL_HIT,,,,0.7267305791378021,
2025-12-17T02:52:29.862113,BTCUSDT,long,5m,86453.31,86286.67,0.0005783468556611656,50.0,-0.0963757200273763,-0.0019275144005475259,,SL_HIT,,,,0.7267305791378021,
2025-12-17T02:52:55.181555,BTCUSDT,long,5m,86286.67,86149.15,0.00011589275608851287,10.0,-0.015937571817292762,-0.0015937571817292763,,SL_HIT,,,,0.7267305791378021,
2025-12-17T02:53:12.432160,BTCUSDT,long,5m,86149.15,85993.06,0.0005803887792276535,50.0,-0.0905928845496424,-0.001811857690992848,,SL_HIT,,,,0.7267305791378021,
2025-12-17T02:53:55.700968,BTCUSDT,long,5m,85993.06,85710.35,0.00018196377323325785,15.647621669473935,-0.05144297833077285,-0.0032875908823338986,,SL_HIT,,,,0.7267305791378021,
2025-12-17T02:54:06.185086,BTCUSDT,long,5m,86495.0,86032.04,0.0005780680964217584,50.0,-0.267622405919421,-0.00535244811838842,,SL_HIT,,,,0.7267305791378021,
2025-12-17T02:54:13.176604,BTCUSDT,long,5m,85710.35,85484.0,0.0005833601192854771,50.0,-0.13204356300027115,-0.002640871260005423,,SL_HIT,,,,0.7267305791378021,
2025-12-17T02:54:21.455231,BTCUSDT,long,5m,85484.0,84820.74,0.00011698095550044452,10.0,-0.07758878854522422,-0.007758878854522422,,SL_HIT,,,,0.7267305791378021,
2025-12-17T02:54:46.937685,BTCUSDT,long,5m,84820.74,85925.75,0.00011789569390693832,10.0,0.1302759207241053,0.01302759207241053,,TP_HIT,,,,0.7267305791378021,
2025-12-17T02:55:51.403434,BTCUSDT,long,5m,86032.04,85701.23,0.0001291527164835497,11.111271670621406,-0.042725010139922776,-0.003845195348151662,,SL_HIT,,,,0.7267305791378021,
2025-12-17T02:57:18.228132,BTCUSDT,long,5m,85701.23,86280.0,0.0005834221982578314,50.0,0.33766726568568745,0.0067533453137137486,,TP_HIT,,,,0.7267305791378021,
2025-12-17T02:58:35.259498,BTCUSDT,long,5m,85925.75,85306.78,0.0007163419170270463,61.55221647698672,-0.4433941563822317,-0.007203544921051038,,SL_HIT,,,,0.7267305791378021,
2025-12-17T02:58:51.487099,BTCUSDT,long,5m,85306.78,84428.34,0.00030318153140511265,25.863440199639037,-0.26632678444750785,-0.010297423018428339,,SL_HIT,,,,0.7267305791378021,
2025-12-17T03:01:02.232413,BTCUSDT,long,5m,84428.34,84535.79,0.00011844364108070822,10.0,0.012726769234121754,0.0012726769234121754,,TRAILING_STOP_LONG,,,,0.7267305791378021,
2025-12-17T03:01:38.773955,BTCUSDT,long,5m,86280.0,86806.93,0.0005795085767269356,50.0,0.30536045433472014,0.006107209086694403,,TP_HIT,,,,0.7267305791378021,
2025-12-17T03:05:23.103029,BTCUSDT,long,5m,86806.93,86576.0,0.00011519817599816052,10.0,-0.026602714783254405,-0.0026602714783254405,,SL_HIT,,,,0.7267305791378021,
2025-12-17T03:05:55.819442,BTCUSDT,long,5m,86576.0,86453.31,0.0002856901725779064,24.733912381104822,-0.035051327273584,-0.0014171363888375802,,SL_HIT,,,,0.7267305791378021,
2025-12-17T03:06:35.104926,BTCUSDT,long,5m,86453.31,86286.67,0.0005783468556611656,50.0,-0.0963757200273763,-0.0019275144005475259,,SL_HIT,,,,0.7267305791378021,
2025-12-17T03:07:00.602406,BTCUSDT,long,5m,86286.67,86149.15,0.00011589275608851287,10.0,-0.015937571817292762,-0.0015937571817292763,,SL_HIT,,,,0.7267305791378021,
2025-12-17T03:07:16.395891,BTCUSDT,long,5m,86149.15,85993.06,0.0005803887792276535,50.0,-0.0905928845496424,-0.001811857690992848,,SL_HIT,,,,0.7267305791378021,
2025-12-17T03:07:58.219885,BTCUSDT,long,5m,85993.06,85710.35,0.00018196377323325785,15.647621669473935,-0.05144297833077285,-0.0032875908823338986,,SL_HIT,,,,0.7267305791378021,
2025-12-17T03:08:06.456698,BTCUSDT,long,5m,84535.79,85884.67,0.0005914654609603814,50.0,0.7978159309802421,0.01595631861960484,,TP_HIT,,,,0.7267305791378021,
2025-12-17T03:08:15.998072,BTCUSDT,long,5m,85710.35,85484.0,0.0005833601192854771,50.0,-0.13204356300027115,-0.002640871260005423,,SL_HIT,,,,0.7267305791378021,
2025-12-17T03:08:23.966334,BTCUSDT,long,5m,85484.0,84820.74,0.00011698095550044452,10.0,-0.07758878854522422,-0.007758878854522422,,SL_HIT,,,,0.7267305791378021,
2025-12-17T03:08:49.202795,BTCUSDT,long,5m,84820.74,85925.75,0.00011789569390693832,10.0,0.1302759207241053,0.01302759207241053,,TP_HIT,,,,0.7267305791378021,
2025-12-17T03:09:35.752256,BTCUSDT,long,5m,85884.67,86638.53,0.0005821760740304411,50.0,0.43887925516858867,0.008777585103371774,,TP_HIT,,,,0.7267305791378021,
2025-12-17T03:12:29.751050,BTCUSDT,long,5m,86638.53,86258.43,0.0005771104380464442,50.0,-0.2193596775014568,-0.004387193550029136,,SL_HIT,,,,0.7267305791378021,
2025-12-17T03:12:41.511418,BTCUSDT,long,5m,85925.75,85306.78,0.0007163419170270463,61.55221647698672,-0.4433941563822317,-0.007203544921051038,,SL_HIT,,,,0.7267305791378021,
2025-12-17T03:12:57.017517,BTCUSDT,long,5m,85306.78,84428.34,0.00030318153140511265,25.863440199639037,-0.26632678444750785,-0.010297423018428339,,SL_HIT,,,,0.7267305791378021,
2025-12-17T03:14:29.785591,BTCUSDT,long,5m,86258.43,86989.34,0.0005796534900994604,50.0,0.42367453244859865,0.008473490648971974,,TP_HIT,,,,0.7267305791378021,
2025-12-17T03:14:46.757919,BTCUSDT,long,5m,86989.34,86663.66,0.0010346095280180307,90.0,-0.336951631084905,-0.0037439070120545,,SL_HIT,,,,0.7267305791378021,
2025-12-17T03:15:09.050758,BTCUSDT,long,5m,84428.34,84535.79,0.00011844364108070822,10.0,0.012726769234121754,0.0012726769234121754,,TRAILING_STOP_LONG,,,,0.7267305791378021,
2025-12-17T03:18:35.779141,BTCUSDT,long,5m,86663.66,86240.01,0.0010384975663386476,90.0,-0.4399594939793771,-0.004888438821993079,,SL_HIT,,,,0.7267305791378021,
2025-12-17T03:18:51.550647,BTCUSDT,long,5m,86240.01,86974.0,0.0005797772982633003,50.0,0.4255507391522828,0.008511014783045657,,TP_HIT,,,,0.7267305791378021,
2025-12-17T03:22:03.048100,BTCUSDT,long,5m,84535.79,85884.67,0.0005914654609603814,50.0,0.7978159309802421,0.01595631861960484,,TP_HIT,,,,0.7267305791378021,
2025-12-17T03:23:33.337512,BTCUSDT,long,5m,85884.67,86638.53,0.0005821760740304411,50.0,0.43887925516858867,0.008777585103371774,,TP_HIT,,,,0.7267305791378021,
2025-12-17T03:26:26.555747,BTCUSDT,long,5m,86974.0,86562.61,0.0005748844482259066,50.0,-0.23650171315565538,-0.004730034263113108,,SL_HIT,,,,0.7267305791378021,
2025-12-17T03:26:29.100008,BTCUSDT,long,5m,86638.53,86258.43,0.0005771104380464442,50.0,-0.2193596775014568,-0.004387193550029136,,SL_HIT,,,,0.7267305791378021,
2025-12-17T03:28:11.624996,BTCUSDT,long,5m,86562.61,86889.91,0.00011552331890177525,10.0,0.03781078227655137,0.003781078227655137,,TP_HIT,,,,0.7267305791378021,
2025-12-17T03:28:31.644165,BTCUSDT,long,5m,86258.43,86989.34,0.0005796534900994604,50.0,0.42367453244859865,0.008473490648971974,,TP_HIT,,,,0.7267305791378021,
2025-12-17T03:28:48.347857,BTCUSDT,long,5m,86989.34,86663.66,0.0010346095280180307,90.0,-0.336951631084905,-0.0037439070120545,,SL_HIT,,,,0.7267305791378021,
2025-12-17T03:32:12.896772,BTCUSDT,long,5m,86889.91,87502.01,0.0005754408077992024,50.0,0.3522273184538868,0.007044546369077736,,TP_HIT,,,,0.7267305791378021,
2025-12-17T03:32:40.646902,BTCUSDT,long,5m,86663.66,86240.01,0.0010384975663386476,90.0,-0.4399594939793771,-0.004888438821993079,,SL_HIT,,,,0.7267305791378021,
2025-12-17T03:32:57.902038,BTCUSDT,long,5m,86240.01,86974.0,0.0005797772982633003,50.0,0.4255507391522828,0.008511014783045657,,TP_HIT,,,,0.7267305791378021,
2025-12-17T03:34:07.907637,BTCUSDT,long,5m,87502.01,87144.19,0.0005714154451994874,50.0,-0.20446387460127627,-0.004089277492025525,,SL_HIT,,,,0.7267305791378021,
2025-12-17T03:35:31.124850,BTCUSDT,long,5m,87144.19,87708.94,0.00018115415804588917,15.786532368040994,0.10230681075641591,0.006480638583019706,,TP_HIT,,,,0.7267305791378021,
2025-12-17T03:36:02.411937,BTCUSDT,long,5m,87708.94,88343.06,0.0005700673158289223,50.0,0.3614910863134336,0.007229821726268671,,TP_HIT,,,,0.7267305791378021,
2025-12-17T03:37:06.922230,BTCUSDT,long,5m,88343.06,89236.58,0.0005659754144807753,50.0,0.5057103523468646,0.010114207046937291,,TP_HIT,,,,0.7267305791378021,
2025-12-17T03:37:50.153035,BTCUSDT,long,5m,89236.58,90665.59,0.0006603000908364277,58.92292187993215,0.9435754328061602,0.016013724416601295,,TP_HIT,,,,0.7267305791378021,
2025-12-17T03:40:37.415354,BTCUSDT,long,5m,86974.0,86562.61,0.0005748844482259066,50.0,-0.23650171315565538,-0.004730034263113108,,SL_HIT,,,,0.7267305791378021,
2025-12-17T03:42:23.708793,BTCUSDT,long,5m,86562.61,86889.91,0.00011552331890177525,10.0,0.03781078227655137,0.003781078227655137,,TP_HIT,,,,0.7267305791378021,
2025-12-17T03:44:21.943015,BTCUSDT,long,5m,90665.59,92177.06,0.0009926588466473334,90.0,1.5003740669420462,0.016670822966022736,,TP_HIT,,,,0.7267305791378021,
2025-12-17T03:46:01.203202,BTCUSDT,long,5m,92177.06,91687.91,0.0005424343106625445,50.0,-0.2653317430605805,-0.00530663486121161,,SL_HIT,,,,0.7267305791378021,
2025-12-17T03:46:26.513415,BTCUSDT,long,5m,91687.91,91231.09,0.0005453281681303457,50.0,-0.2491168137653083,-0.004982336275306166,,SL_HIT,,,,0.7267305791378021,
2025-12-17T03:46:30.501356,BTCUSDT,long,5m,86889.91,87502.01,0.0005754408077992024,50.0,0.3522273184538868,0.007044546369077736,,TP_HIT,,,,0.7267305791378021,
2025-12-17T03:47:00.005528,BTCUSDT,long,5m,91231.09,90739.06,0.000161911745686737,14.771385042803816,-0.07966543623024502,-0.005393227243037421,,SL_HIT,,,,0.7267305791378021,
2025-12-17T03:48:22.532626,BTCUSDT,long,5m,87502.01,87144.19,0.0005714154451994874,50.0,-0.20446387460127627,-0.004089277492025525,,SL_HIT,,,,0.7267305791378021,
2025-12-17T03:48:46.792344,BTCUSDT,long,5m,90739.06,91477.72,0.0005510306145997104,50.0,0.40702427378022404,0.00814048547560448,,TP_HIT,,,,0.7267305791378021,
2025-12-17T03:49:44.757761,BTCUSDT,long,5m,87144.19,87708.94,0.00018115415804588917,15.786532368040994,0.10230681075641591,0.006480638583019706,,TP_HIT,,,,0.7267305791378021,
2025-12-17T03:50:17.510099,BTCUSDT,long,5m,87708.94,88343.06,0.0005700673158289223,50.0,0.3614910863134336,0.007229821726268671,,TP_HIT,,,,0.7267305791378021,
2025-12-17T03:51:23.786046,BTCUSDT,long,5m,88343.06,89236.58,0.0005659754144807753,50.0,0.5057103523468646,0.010114207046937291,,TP_HIT,,,,0.7267305791378021,
2025-12-17T03:52:07.257046,BTCUSDT,long,5m,89236.58,90665.59,0.0006603000908364277,58.92292187993215,0.9435754328061602,0.016013724416601295,,TP_HIT,,,,0.7267305791378021,
2025-12-17T03:53:26.806008,BTCUSDT,long,5m,91477.72,91183.2,0.0005465811784552566,50.0,-0.1609790886786444,-0.003219581773572888,,SL_HIT,,,,0.7267305791378021,
2025-12-17T03:54:42.788837,BTCUSDT,long,5m,91183.2,91726.28,0.0005483466252555295,50.0,0.29779608524377393,0.005955921704875479,,TP_HIT,,,,0.7267305791378021,
2025-12-17T03:56:05.552934,BTCUSDT,long,5m,91726.28,92580.59,0.000981180093643828,90.0,0.8382319658008565,0.009313688508898405,,TP_HIT,,,,0.7267305791378021,
2025-12-17T03:56:14.022471,BTCUSDT,long,5m,92580.59,92221.76,0.0005400700081950224,50.0,-0.19379332104062083,-0.0038758664208124165,,SL_HIT,,,,0.7267305791378021,
2025-12-17T03:58:52.099443,BTCUSDT,long,5m,90665.59,92177.06,0.0009926588466473334,90.0,1.5003740669420462,0.016670822966022736,,TP_HIT,,,,0.7267305791378021,
2025-12-17T04:00:05.358227,BTCUSDT,long,5m,92221.76,93001.48,0.0005421713920879411,50.0,0.4227418778388101,0.008454837556776203,,TP_HIT,,,,0.7267305791378021,
2025-12-17T04:00:35.880798,BTCUSDT,long,5m,92177.06,91687.91,0.0005424343106625445,50.0,-0.2653317430605805,-0.00530663486121161,,SL_HIT,,,,0.7267305791378021,
2025-12-17T04:01:02.366860,BTCUSDT,long,5m,91687.91,91231.09,0.0005453281681303457,50.0,-0.2491168137653083,-0.004982336275306166,,SL_HIT,,,,0.7267305791378021,
2025-12-17T04:01:25.659063,BTCUSDT,long,5m,93001.48,93514.57,0.0005376258528358904,50.0,0.27585044883157295,0.005517008976631459,,TP_HIT,,,,0.7267305791378021,
2025-12-17T04:01:35.652470,BTCUSDT,long,5m,91231.09,90739.06,0.000161911745686737,14.771385042803816,-0.07966543623024502,-0.005393227243037421,,SL_HIT,,,,0.7267305791378021,
2025-12-17T04:03:24.393028,BTCUSDT,long,5m,90739.06,91477.72,0.0005510306145997104,50.0,0.40702427378022404,0.00814048547560448,,TP_HIT,,,,0.7267305791378021,
2025-12-17T04:05:16.864937,BTCUSDT,long,5m,93514.57,92877.63,0.000534676040321845,50.0,-0.3405565571225972,-0.006811131142451944,,SL_HIT,,,,0.7267305791378021,
2025-12-17T04:08:00.130453,BTCUSDT,long,5m,91477.72,91183.2,0.0005465811784552566,50.0,-0.1609790886786444,-0.003219581773572888,,SL_HIT,,,,0.7267305791378021,
2025-12-17T04:09:13.410633,BTCUSDT,long,5m,91183.2,91726.28,0.0005483466252555295,50.0,0.29779608524377393,0.005955921704875479,,TP_HIT,,,,0.7267305791378021,
2025-12-17T04:10:37.426771,BTCUSDT,long,5m,91726.28,92580.59,0.000981180093643828,90.0,0.8382319658008565,0.009313688508898405,,TP_HIT,,,,0.7267305791378021,
2025-12-17T04:10:46.204867,BTCUSDT,long,5m,92580.59,92221.76,0.0005400700081950224,50.0,-0.19379332104062083,-0.0038758664208124165,,SL_HIT,,,,0.7267305791378021,
2025-12-17T04:14:54.256567,BTCUSDT,long,5m,92221.76,93001.48,0.0005421713920879411,50.0,0.4227418778388101,0.008454837556776203,,TP_HIT,,,,0.7267305791378021,
2025-12-17T04:16:15.756130,BTCUSDT,long,5m,93001.48,93514.57,0.0005376258528358904,50.0,0.27585044883157295,0.005517008976631459,,TP_HIT,,,,0.7267305791378021,
2025-12-17T04:17:09.014630,BTCUSDT,long,5m,92877.63,91754.55,0.0007320474841163079,67.99083537218533,-0.8221478884613443,-0.01209203981626148,,SL_HIT,,,,0.7267305791378021,
2025-12-17T04:17:50.256385,BTCUSDT,long,5m,91754.55,92540.06,0.00010898642083689582,10.0,0.08560992343158946,0.008560992343158946,,TP_HIT,,,,0.7267305791378021,
2025-12-17T04:18:14.488933,BTCUSDT,long,5m,92540.06,93502.76,0.0005403065439983505,50.0,0.5201531099072105,0.01040306219814421,,TP_HIT,,,,0.7267305791378021,
2025-12-17T04:18:30.269451,BTCUSDT,long,5m,93502.76,92686.36,0.0009625384320206163,90.0,-0.7858163759016256,-0.008731293065573617,,SL_HIT,,,,0.7267305791378021,
2025-12-17T04:20:00.240451,BTCUSDT,long,5m,93514.57,92877.63,0.000534676040321845,50.0,-0.3405565571225972,-0.006811131142451944,,SL_HIT,,,,0.7267305791378021,
2025-12-17T04:20:32.024064,BTCUSDT,long,5m,92686.36,91890.79,0.000539453701709723,50.0,-0.4291731814692081,-0.008583463629384162,,SL_HIT,,,,0.7267305791378021,
2025-12-17T04:23:22.550431,BTCUSDT,long,5m,91890.79,93006.69,0.000544124171747789,50.0,0.6071881632533624,0.01214376326506725,,TP_HIT,,,,0.7267305791378021,
2025-12-17T04:25:06.226208,BTCUSDT,long,5m,93006.69,92529.68,0.0009676723255069071,90.0,-0.4615893759900587,-0.005128770844333986,,SL_HIT,,,,0.7267305791378021,
2025-12-17T04:29:26.046533,BTCUSDT,long,5m,92529.68,93276.2,0.0009726608802710655,90.0,0.7261108003399598,0.008067897781555108,,TP_HIT,,,,0.7267305791378021,
2025-12-17T04:30:57.618223,BTCUSDT,long,5m,92877.63,91754.55,0.0007320474841163079,67.99083537218533,-0.8221478884613443,-0.01209203981626148,,SL_HIT,,,,0.7267305791378021,
2025-12-17T04:31:37.854553,BTCUSDT,long,5m,91754.55,92540.06,0.00010898642083689582,10.0,0.08560992343158946,0.008560992343158946,,TP_HIT,,,,0.7267305791378021,
2025-12-17T04:32:02.110923,BTCUSDT,long,5m,92540.06,93502.76,0.0005403065439983505,50.0,0.5201531099072105,0.01040306219814421,,TP_HIT,,,,0.7267305791378021,
2025-12-17T04:32:03.573868,BTCUSDT,long,5m,93276.2,93828.0,0.00010720848405059383,10.0,0.05915764149911799,0.005915764149911799,,TP_HIT,,,,0.7267305791378021,
2025-12-17T04:32:17.599474,BTCUSDT,long,5m,93502.76,92686.36,0.0009625384320206163,90.0,-0.7858163759016256,-0.008731293065573617,,SL_HIT,,,,0.7267305791378021,
2025-12-17T04:33:36.578539,BTCUSDT,long,5m,93828.0,93429.95,0.0005328899688792258,50.0,-0.21211685211237738,-0.004242337042247548,,SL_HIT,,,,0.7267305791378021,
2025-12-17T04:34:00.617245,BTCUSDT,long,5m,93429.95,92952.99,0.000535160299240233,50.0,-0.25525005632561715,-0.005105001126512343,,SL_HIT,,,,0.7267305791378021,
2025-12-17T04:34:17.827848,BTCUSDT,long,5m,92686.36,91890.79,0.000539453701709723,50.0,-0.4291731814692081,-0.008583463629384162,,SL_HIT,,,,0.7267305791378021,
2025-12-17T04:34:34.108270,BTCUSDT,long,5m,92952.99,92676.71,0.0002688063155984101,24.986350765755862,-0.07426580887352843,-0.0029722551151931615,,SL_HIT,,,,0.7267305791378021,
2025-12-17T04:35:23.838929,BTCUSDT,long,5m,92676.71,93231.01,0.0005395098725451086,50.0,0.29905032235174744,0.005981006447034949,,TP_HIT,,,,0.7267305791378021,
2025-12-17T04:37:12.094901,BTCUSDT,long,5m,91890.79,93006.69,0.000544124171747789,50.0,0.6071881632533624,0.01214376326506725,,TP_HIT,,,,0.7267305791378021,
2025-12-17T04:37:29.330791,BTCUSDT,long,5m,93231.01,93912.2,0.0005363022453580628,50.0,0.36532372651546,0.0073064745303092005,,TP_HIT,,,,0.7267305791378021,
2025-12-17T04:39:00.403308,BTCUSDT,long,5m,93006.69,92529.68,0.0009676723255069071,90.0,-0.4615893759900587,-0.005128770844333986,,SL_HIT,,,,0.7267305791378021,
2025-12-17T04:39:38.482107,BTCUSDT,long,5m,93912.2,93545.34,0.0005324121892576257,50.0,-0.19532073575105288,-0.0039064147150210575,,SL_HIT,,,,0.7267305791378021,
2025-12-17T04:42:15.246515,BTCUSDT,long,5m,93545.34,93130.11,0.0005345001685813532,50.0,-0.22194050500003312,-0.004438810100000663,,SL_HIT,,,,0.7267305791378021,
2025-12-17T04:43:29.246424,BTCUSDT,long,5m,92529.68,93276.2,0.0009726608802710655,90.0,0.7261108003399598,0.008067897781555108,,TP_HIT,,,,0.7267305791378021,
2025-12-17T04:45:12.537083,BTCUSDT,long,5m,93276.2,93828.0,0.00010720848405059383,10.0,0.05915764149911799,0.005915764149911799,,TP_HIT,,,,0.7267305791378021,
2025-12-17T04:46:09.667045,BTCUSDT,long,5m,93828.0,93429.95,0.0005328899688792258,50.0,-0.21211685211237738,-0.004242337042247548,,SL_HIT,,,,0.7267305791378021,
2025-12-17T04:46:25.302588,BTCUSDT,long,5m,93429.95,92952.99,0.000535160299240233,50.0,-0.25525005632561715,-0.005105001126512343,,SL_HIT,,,,0.7267305791378021,
2025-12-17T04:46:46.661586,BTCUSDT,long,5m,92952.99,92676.71,0.0002688063155984101,24.986350765755862,-0.07426580887352843,-0.0029722551151931615,,SL_HIT,,,,0.7267305791378021,
2025-12-17T04:47:18.090429,BTCUSDT,long,5m,92676.71,93231.01,0.0005395098725451086,50.0,0.29905032235174744,0.005981006447034949,,TP_HIT,,,,0.7267305791378021,
2025-12-17T04:48:35.281715,BTCUSDT,long,5m,93231.01,93912.2,0.0005363022453580628,50.0,0.36532372651546,0.0073064745303092005,,TP_HIT,,,,0.7267305791378021,
2025-12-17T04:49:51.748555,BTCUSDT,long,5m,93912.2,93545.34,0.0005324121892576257,50.0,-0.19532073575105288,-0.0039064147150210575,,SL_HIT,,,,0.7267305791378021,
2025-12-17T04:51:28.186200,BTCUSDT,long,5m,93545.34,93130.11,0.0005345001685813532,50.0,-0.22194050500003312,-0.004438810100000663,,SL_HIT,,,,0.7267305791378021,
2025-12-17T13:38:14.342144,TESTUSDT,long,5m,100.0,101.0,1.0,100.0,1.0,0.01,,manual_fallback_test,,,,,
2025-12-17T14:02:44.286150,TESTUSDT,long,5m,100.0,101.0,1.0,100.0,1.0,0.01,,FINAL_OK,,,0.91,0.72,
2026-01-13T19:35:31.809405,BTCUSDT,short,5m,88584.4,88727.9,0.00042332510013049705,37.5,-0.060747151868726326,-0.001619924049832702,,TRAILING_STOP_SHORT,,,,0.0,
2026-01-13T19:35:36.829073,BTCUSDT,short,5m,88727.9,88217.4,0.0004226404546935068,37.5,0.21575795212103524,0.005753545389894273,,TRAILING_STOP_SHORT,,,,0.0,
2026-01-13T19:35:38.197919,BTCUSDT,short,5m,88217.4,89007.1,0.00042508620748287753,37.5,-0.33569057804923336,-0.008951748747979556,,TRAILING_STOP_SHORT,,,,0.0,
2026-01-13T19:35:38.956219,BTCUSDT,short,5m,89007.1,89445.1,0.0004213147041078745,37.5,-0.18453584039924903,-0.004920955743979974,,TRAILING_STOP_SHORT,,,,0.0,
2026-01-13T19:35:39.602594,BTCUSDT,short,5m,89445.1,89769.6,0.00041925158560949676,37.5,-0.1360471395302817,-0.0036279237208075117,,TRAILING_STOP_SHORT,,,,0.0,
2026-01-13T19:35:39.813876,BTCUSDT,short,5m,89769.6,89974.8,0.0004177360710084483,37.5,-0.08571944177093238,-0.002285851780558197,,TRAILING_STOP_SHORT,,,,0.0,
2026-01-13T19:35:43.332968,BTCUSDT,short,5m,89974.8,90321.3,0.0004167833660091492,37.5,-0.1444154363221702,-0.0038510783019245383,,TRAILING_STOP_SHORT,,,,0.0,
2026-01-13T19:35:43.766751,BTCUSDT,short,5m,90321.3,91218.3,0.00041518445815106735,37.5,-0.37242045896150744,-0.009931212238973532,,TRAILING_STOP_SHORT,,,,0.0,
2026-01-13T19:35:46.919916,BTCUSDT,short,5m,91218.3,91802.8,0.00041110171972071394,37.5,-0.2402889551767573,-0.006407705471380195,,TRAILING_STOP_SHORT,,,,0.0,
2026-01-13T19:35:47.079692,BTCUSDT,short,5m,91802.8,92873.0,0.0004084842728108511,37.5,-0.43715986876217167,-0.011657596500324578,,SL_HIT,,,,0.0,
2026-01-13T19:35:48.843418,BTCUSDT,short,5m,92873.0,93250.5,0.00040377720112411575,37.5,-0.1524258934243537,-0.004064690491316098,,TRAILING_STOP_SHORT,,,,0.0,
2026-01-13T19:35:49.260682,BTCUSDT,short,5m,93250.5,94273.0,0.0004021426158572876,37.5,-0.4111908247140766,-0.010965088659042043,,SL_HIT,,,,0.0,
2026-01-13T19:35:51.838494,BTCUSDT,short,5m,94273.0,94105.4,0.00039778091288067636,37.5,0.06666808099880367,0.0017778154933014313,,TRAILING_STOP_SHORT,,,,0.0,
2026-01-13T19:35:52.360507,BTCUSDT,short,5m,94105.4,92199.4,0.00039848935342711475,37.5,0.7595207076320807,0.020253885536855486,,TP_HIT,,,,0.0,
2026-01-13T19:35:52.703975,BTCUSDT,short,5m,92199.4,92475.0,0.0004067271587450678,37.5,-0.11209400495014304,-0.002989173465337148,,TRAILING_STOP_SHORT,,,,0.0,
2026-01-13T19:35:52.850522,BTCUSDT,short,5m,92475.0,93679.6,0.00040551500405515005,37.5,-0.4884833738848361,-0.01302622330359563,,SL_HIT,,,,0.0,
2026-01-13T19:35:54.442561,BTCUSDT,short,5m,93679.6,91764.4,0.0004003005990631898,37.5,0.7666557073258258,0.020444152195355354,,TP_HIT,,,,0.0,
2026-01-13T19:35:57.286559,BTCUSDT,short,5m,91764.4,89844.0,0.000408655208337874,37.5,0.7847814620920508,0.02092750565578802,,TP_HIT,,,,0.0,
2026-01-13T19:35:58.407193,BTCUSDT,short,5m,89844.0,90353.6,0.00041739014291438493,37.5,-0.212702016829173,-0.00567205378211128,,TRAILING_STOP_SHORT,,,,0.0,
2026-01-13T19:35:58.737748,BTCUSDT,short,5m,90353.6,91363.7,0.00041503603619556936,37.5,-0.419227900161141,-0.01117941067096376,,SL_HIT,,,,0.0,
2026-01-13T19:36:00.339506,BTCUSDT,short,5m,91363.7,90494.6,0.0004104474753102162,37.5,0.3567199007921053,0.009512530687789475,,EOB_FORCE_CLOSE,,,,0.0,
2026-01-13T19:42:01.627941,BTCUSDT,short,5m,88584.4,88727.9,0.00042332510013049705,37.5,-0.060747151868726326,-0.001619924049832702,,TRAILING_STOP_SHORT,,,,0.0,
2026-01-13T19:42:06.547907,BTCUSDT,short,5m,88727.9,88217.4,0.0004226404546935068,37.5,0.21575795212103524,0.005753545389894273,,TRAILING_STOP_SHORT,,,,0.0,
2026-01-13T19:42:07.798236,BTCUSDT,short,5m,88217.4,89007.1,0.00042508620748287753,37.5,-0.33569057804923336,-0.008951748747979556,,TRAILING_STOP_SHORT,,,,0.0,
2026-01-13T19:42:08.534968,BTCUSDT,short,5m,89007.1,89445.1,0.0004213147041078745,37.5,-0.18453584039924903,-0.004920955743979974,,TRAILING_STOP_SHORT,,,,0.0,
2026-01-13T19:42:09.193819,BTCUSDT,short,5m,89445.1,89769.6,0.00041925158560949676,37.5,-0.1360471395302817,-0.0036279237208075117,,TRAILING_STOP_SHORT,,,,0.0,
2026-01-13T19:42:09.402658,BTCUSDT,short,5m,89769.6,89974.8,0.0004177360710084483,37.5,-0.08571944177093238,-0.002285851780558197,,TRAILING_STOP_SHORT,,,,0.0,
2026-01-13T19:42:12.812533,BTCUSDT,short,5m,89974.8,90321.3,0.0004167833660091492,37.5,-0.1444154363221702,-0.0038510783019245383,,TRAILING_STOP_SHORT,,,,0.0,
2026-01-13T19:42:13.220616,BTCUSDT,short,5m,90321.3,91218.3,0.00041518445815106735,37.5,-0.37242045896150744,-0.009931212238973532,,TRAILING_STOP_SHORT,,,,0.0,
2026-01-13T19:42:16.053518,BTCUSDT,short,5m,91218.3,91802.8,0.00041110171972071394,37.5,-0.2402889551767573,-0.006407705471380195,,TRAILING_STOP_SHORT,,,,0.0,
2026-01-13T19:42:16.193194,BTCUSDT,short,5m,91802.8,92873.0,0.0004084842728108511,37.5,-0.43715986876217167,-0.011657596500324578,,SL_HIT,,,,0.0,
2026-01-13T19:42:17.845333,BTCUSDT,short,5m,92873.0,93250.5,0.00040377720112411575,37.5,-0.1524258934243537,-0.004064690491316098,,TRAILING_STOP_SHORT,,,,0.0,
2026-01-13T19:42:18.232299,BTCUSDT,short,5m,93250.5,94273.0,0.0004021426158572876,37.5,-0.4111908247140766,-0.010965088659042043,,SL_HIT,,,,0.0,
2026-01-13T19:42:20.698685,BTCUSDT,short,5m,94273.0,94105.4,0.00039778091288067636,37.5,0.06666808099880367,0.0017778154933014313,,TRAILING_STOP_SHORT,,,,0.0,
2026-01-13T19:42:21.167481,BTCUSDT,short,5m,94105.4,92199.4,0.00039848935342711475,37.5,0.7595207076320807,0.020253885536855486,,TP_HIT,,,,0.0,
2026-01-13T19:42:21.507199,BTCUSDT,short,5m,92199.4,92475.0,0.0004067271587450678,37.5,-0.11209400495014304,-0.002989173465337148,,TRAILING_STOP_SHORT,,,,0.0,
2026-01-13T19:42:21.647170,BTCUSDT,short,5m,92475.0,93679.6,0.00040551500405515005,37.5,-0.4884833738848361,-0.01302622330359563,,SL_HIT,,,,0.0,
2026-01-13T19:42:23.209603,BTCUSDT,short,5m,93679.6,91764.4,0.0004003005990631898,37.5,0.7666557073258258,0.020444152195355354,,TP_HIT,,,,0.0,
2026-01-13T19:42:25.979523,BTCUSDT,short,5m,91764.4,89844.0,0.000408655208337874,37.5,0.7847814620920508,0.02092750565578802,,TP_HIT,,,,0.0,
2026-01-13T19:42:27.009754,BTCUSDT,short,5m,89844.0,90353.6,0.00041739014291438493,37.5,-0.212702016829173,-0.00567205378211128,,TRAILING_STOP_SHORT,,,,0.0,
2026-01-13T19:42:27.331359,BTCUSDT,short,5m,90353.6,91363.7,0.00041503603619556936,37.5,-0.419227900161141,-0.01117941067096376,,SL_HIT,,,,0.0,
2026-01-13T19:42:28.759172,BTCUSDT,short,5m,91363.7,90494.6,0.0004104474753102162,37.5,0.3567199007921053,0.009512530687789475,,EOB_FORCE_CLOSE,,,,0.0,
2026-01-13T20:01:42.402101,BTCUSDT,long,5m,88584.4,88156.7,0.0005644334668406627,50.0,-0.2414081937677498,-0.004828163875354996,,TRAILING_STOP_LONG,,,,1.0,
2026-01-13T20:01:48.372908,BTCUSDT,long,5m,88156.7,88801.1,0.0005671718655530436,50.0,0.36548555016238626,0.007309711003247725,,TRAILING_STOP_LONG,,,,1.0,
2026-01-13T20:01:48.671517,BTCUSDT,long,5m,88801.1,90697.8,0.0005630560882691768,50.0,1.067948482620146,0.02135896965240292,,TP_HIT,,,,1.0,
2026-01-13T20:01:48.947158,BTCUSDT,long,5m,90697.8,89807.6,0.0005512812879694987,50.0,-0.4907506025504461,-0.009815012051008922,,TRAILING_STOP_LONG,,,,1.0,
2026-01-13T20:01:50.522148,BTCUSDT,long,5m,89807.6,89375.6,0.000556745754256878,50.0,-0.24051416583897128,-0.004810283316779426,,TRAILING_STOP_LONG,,,,1.0,
2026-01-13T20:01:52.791096,BTCUSDT,long,5m,89375.6,91218.3,0.0005594368037808977,50.0,1.0308741983270586,0.020617483966541172,,TP_HIT,,,,1.0,
2026-01-13T20:01:56.011044,BTCUSDT,long,5m,91218.3,93087.0,0.0005481356262942853,50.0,1.0243010448561292,0.02048602089712258,,TP_HIT,,,,1.0,
2026-01-13T20:01:58.799688,BTCUSDT,long,5m,93087.0,93680.0,0.0005371319303447313,50.0,0.31851923469442567,0.006370384693888513,,TRAILING_STOP_LONG,,,,1.0,
2026-01-13T20:02:00.836560,BTCUSDT,long,5m,93680.0,93334.5,0.000533731853116994,50.0,-0.18440435525192142,-0.0036880871050384285,,TRAILING_STOP_LONG,,,,1.0,
2026-01-13T20:02:00.970409,BTCUSDT,long,5m,93334.5,92378.3,0.0005357075893694186,50.0,-0.5122435969550365,-0.01024487193910073,,SL_HIT,,,,1.0,
2026-01-13T20:02:01.064254,BTCUSDT,long,5m,92378.3,91547.6,0.0005412526534911337,50.0,-0.4496185792550832,-0.008992371585101664,,TRAILING_STOP_LONG,,,,1.0,
2026-01-13T20:02:01.546898,BTCUSDT,long,5m,91547.6,93679.6,0.0005461639627909415,50.0,1.1644215686702872,0.023288431373405746,,TP_HIT,,,,1.0,
2026-01-13T20:02:01.996685,BTCUSDT,long,5m,93679.6,92670.4,0.000533734132084253,50.0,-0.5386444860994344,-0.010772889721988688,,SL_HIT,,,,1.0,
2026-01-13T20:02:03.037522,BTCUSDT,long,5m,92670.4,92036.5,0.0005395466081942023,50.0,-0.3420185949343017,-0.006840371898686034,,TRAILING_STOP_LONG,,,,1.0,
2026-01-13T20:02:03.770219,BTCUSDT,long,5m,92036.5,91125.0,0.0005432627272875435,50.0,-0.49518397592259594,-0.009903679518451919,,TRAILING_STOP_LONG,,,,1.0,
2026-01-13T20:02:05.354354,BTCUSDT,long,5m,91125.0,90690.2,0.0005486968449931413,50.0,-0.23857338820301943,-0.0047714677640603885,,TRAILING_STOP_LONG,,,,1.0,
2026-01-13T20:02:05.656524,BTCUSDT,long,5m,90690.2,90166.4,0.000551327486321565,50.0,-0.28878533733523737,-0.005775706746704748,,TRAILING_STOP_LONG,,,,1.0,
2026-01-13T20:02:06.612504,BTCUSDT,long,5m,90166.4,89750.1,0.0005545302906625972,50.0,-0.23085096000283276,-0.004617019200056655,,TRAILING_STOP_LONG,,,,1.0,
2026-01-13T20:02:08.549800,BTCUSDT,long,5m,89750.1,90494.6,0.000557102443339896,50.0,0.4147627690665526,0.008295255381331051,,EOB_FORCE_CLOSE,,,,1.0,
2026-01-13T20:10:06.729092,BTCUSDT,long,5m,88584.4,88156.7,0.0005587891321722563,49.500000000000014,-0.23899411183007238,-0.004828163875354996,,TRAILING_STOP_LONG,,,,0.98,
2026-01-13T20:10:12.664482,BTCUSDT,long,5m,88156.7,88801.1,0.0005615001468975134,49.500000000000014,0.36183069466076256,0.007309711003247727,,TRAILING_STOP_LONG,,,,0.98,
2026-01-13T20:10:12.951794,BTCUSDT,long,5m,88801.1,90697.8,0.0005574255273864852,49.500000000000014,1.057268997793945,0.021358969652402922,,TP_HIT,,,,0.98,
2026-01-13T20:10:13.233647,BTCUSDT,long,5m,90697.8,89807.6,0.0005457684750898038,49.500000000000014,-0.4858430965249418,-0.009815012051008922,,TRAILING_STOP_LONG,,,,0.98,
2026-01-13T20:10:14.815869,BTCUSDT,long,5m,89807.6,89375.6,0.0005511782967143094,49.500000000000014,-0.23810902418058166,-0.004810283316779426,,TRAILING_STOP_LONG,,,,0.98,
2026-01-13T20:10:16.994935,BTCUSDT,long,5m,89375.6,91218.3,0.0005538424357430889,49.500000000000014,1.0205654563437883,0.020617483966541172,,TP_HIT,,,,0.98,
2026-01-13T20:10:20.228387,BTCUSDT,long,5m,91218.3,93087.0,0.0005426542700313425,49.500000000000014,1.0140580344075683,0.020486020897122585,,TP_HIT,,,,0.98,
2026-01-13T20:10:23.114928,BTCUSDT,long,5m,93087.0,93680.0,0.0005317606110412841,49.500000000000014,0.31533404234748147,0.006370384693888512,,TRAILING_STOP_LONG,,,,0.98,
2026-01-13T20:10:25.086851,BTCUSDT,long,5m,93680.0,93334.5,0.0005283945345858242,49.500000000000014,-0.18256031169940226,-0.0036880871050384285,,TRAILING_STOP_LONG,,,,0.98,
2026-01-13T20:10:25.215409,BTCUSDT,long,5m,93334.5,92378.3,0.0005303505134757246,49.500000000000014,-0.5071211609854863,-0.01024487193910073,,SL_HIT,,,,0.98,
2026-01-13T20:10:25.305812,BTCUSDT,long,5m,92378.3,91547.6,0.0005358401269562225,49.500000000000014,-0.4451223934625325,-0.008992371585101664,,TRAILING_STOP_LONG,,,,0.98,
2026-01-13T20:10:25.784806,BTCUSDT,long,5m,91547.6,93679.6,0.0005407023231630323,49.500000000000014,1.1527773529835847,0.023288431373405746,,TP_HIT,,,,0.98,
2026-01-13T20:10:26.248152,BTCUSDT,long,5m,93679.6,92670.4,0.0005283967907634107,49.500000000000014,-0.5332580412384402,-0.010772889721988688,,SL_HIT,,,,0.98,
2026-01-13T20:10:27.292455,BTCUSDT,long,5m,92670.4,92036.5,0.0005341511421122604,49.500000000000014,-0.33859840898495874,-0.006840371898686033,,TRAILING_STOP_LONG,,,,0.98,
2026-01-13T20:10:28.026882,BTCUSDT,long,5m,92036.5,91125.0,0.0005378301000146682,49.500000000000014,-0.4902321361633701,-0.009903679518451917,,TRAILING_STOP_LONG,,,,0.98,
2026-01-13T20:10:29.621294,BTCUSDT,long,5m,91125.0,90690.2,0.00054320987654321,49.500000000000014,-0.2361876543209893,-0.0047714677640603885,,TRAILING_STOP_LONG,,,,0.98,
2026-01-13T20:10:29.914291,BTCUSDT,long,5m,90690.2,90166.4,0.0005458142114583496,49.500000000000014,-0.2858974839618851,-0.005775706746704748,,TRAILING_STOP_LONG,,,,0.98,
2026-01-13T20:10:30.917949,BTCUSDT,long,5m,90166.4,89750.1,0.0005489849877559714,49.500000000000014,-0.2285424504028045,-0.004617019200056655,,TRAILING_STOP_LONG,,,,0.98,
2026-01-13T20:10:32.898971,BTCUSDT,long,5m,89750.1,90494.6,0.0005515314189064971,49.500000000000014,0.4106151413758871,0.00829525538133105,,EOB_FORCE_CLOSE,,,,0.98,
2026-01-13T20:31:37.798187,BTCUSDT,long,5m,88584.4,88156.7,0.0005587891321722563,49.500000000000014,-0.23899411183007238,-0.004828163875354996,,TRAILING_STOP_LONG,,,,0.98,
2026-01-13T20:31:43.710792,BTCUSDT,long,5m,88156.7,88801.1,0.0005615001468975134,49.500000000000014,0.36183069466076256,0.007309711003247727,,TRAILING_STOP_LONG,,,,0.98,
2026-01-13T20:31:43.995790,BTCUSDT,long,5m,88801.1,90697.8,0.0005574255273864852,49.500000000000014,1.057268997793945,0.021358969652402922,,TP_HIT,,,,0.98,
2026-01-13T20:31:44.276071,BTCUSDT,long,5m,90697.8,89807.6,0.0005457684750898038,49.500000000000014,-0.4858430965249418,-0.009815012051008922,,TRAILING_STOP_LONG,,,,0.98,
2026-01-13T20:31:45.896561,BTCUSDT,long,5m,89807.6,89375.6,0.0005511782967143094,49.500000000000014,-0.23810902418058166,-0.004810283316779426,,TRAILING_STOP_LONG,,,,0.98,
2026-01-13T20:31:48.058099,BTCUSDT,long,5m,89375.6,91218.3,0.0005538424357430889,49.500000000000014,1.0205654563437883,0.020617483966541172,,TP_HIT,,,,0.98,
2026-01-13T20:31:51.352200,BTCUSDT,long,5m,91218.3,93087.0,0.0005426542700313425,49.500000000000014,1.0140580344075683,0.020486020897122585,,TP_HIT,,,,0.98,
2026-01-13T20:31:54.215855,BTCUSDT,long,5m,93087.0,93680.0,0.0005317606110412841,49.500000000000014,0.31533404234748147,0.006370384693888512,,TRAILING_STOP_LONG,,,,0.98,
2026-01-13T20:31:56.322888,BTCUSDT,long,5m,93680.0,93334.5,0.0005283945345858242,49.500000000000014,-0.18256031169940226,-0.0036880871050384285,,TRAILING_STOP_LONG,,,,0.98,
2026-01-13T20:31:56.456527,BTCUSDT,long,5m,93334.5,92378.3,0.0005303505134757246,49.500000000000014,-0.5071211609854863,-0.01024487193910073,,SL_HIT,,,,0.98,
2026-01-13T20:31:56.553191,BTCUSDT,long,5m,92378.3,91547.6,0.0005358401269562225,49.500000000000014,-0.4451223934625325,-0.008992371585101664,,TRAILING_STOP_LONG,,,,0.98,
2026-01-13T20:31:57.021485,BTCUSDT,long,5m,91547.6,93679.6,0.0005407023231630323,49.500000000000014,1.1527773529835847,0.023288431373405746,,TP_HIT,,,,0.98,
2026-01-13T20:31:57.489733,BTCUSDT,long,5m,93679.6,92670.4,0.0005283967907634107,49.500000000000014,-0.5332580412384402,-0.010772889721988688,,SL_HIT,,,,0.98,
2026-01-13T20:31:58.548919,BTCUSDT,long,5m,92670.4,92036.5,0.0005341511421122604,49.500000000000014,-0.33859840898495874,-0.006840371898686033,,TRAILING_STOP_LONG,,,,0.98,
2026-01-13T20:31:59.316890,BTCUSDT,long,5m,92036.5,91125.0,0.0005378301000146682,49.500000000000014,-0.4902321361633701,-0.009903679518451917,,TRAILING_STOP_LONG,,,,0.98,
2026-01-13T20:32:00.915042,BTCUSDT,long,5m,91125.0,90690.2,0.00054320987654321,49.500000000000014,-0.2361876543209893,-0.0047714677640603885,,TRAILING_STOP_LONG,,,,0.98,
2026-01-13T20:32:01.258931,BTCUSDT,long,5m,90690.2,90166.4,0.0005458142114583496,49.500000000000014,-0.2858974839618851,-0.005775706746704748,,TRAILING_STOP_LONG,,,,0.98,
2026-01-13T20:32:02.258168,BTCUSDT,long,5m,90166.4,89750.1,0.0005489849877559714,49.500000000000014,-0.2285424504028045,-0.004617019200056655,,TRAILING_STOP_LONG,,,,0.98,
2026-01-13T20:32:04.232116,BTCUSDT,long,5m,89750.1,90494.6,0.0005515314189064971,49.500000000000014,0.4106151413758871,0.00829525538133105,,EOB_FORCE_CLOSE,,,,0.98,
2026-01-14T17:55:17.847850,BTCUSDT,short,5m,88584.4,88727.9,0.00042332510013049705,37.5,-0.060747151868726326,-0.001619924049832702,,TRAILING_STOP_SHORT,,,,0.0,
2026-01-14T17:55:23.088563,BTCUSDT,short,5m,88727.9,88217.4,0.0004226404546935068,37.5,0.21575795212103524,0.005753545389894273,,TRAILING_STOP_SHORT,,,,0.0,
2026-01-14T17:55:24.466692,BTCUSDT,short,5m,88217.4,89007.1,0.00042508620748287753,37.5,-0.33569057804923336,-0.008951748747979556,,TRAILING_STOP_SHORT,,,,0.0,
2026-01-14T17:55:25.331661,BTCUSDT,short,5m,89007.1,89445.1,0.0004213147041078745,37.5,-0.18453584039924903,-0.004920955743979974,,TRAILING_STOP_SHORT,,,,0.0,
2026-01-14T17:55:25.980787,BTCUSDT,short,5m,89445.1,89769.6,0.00041925158560949676,37.5,-0.1360471395302817,-0.0036279237208075117,,TRAILING_STOP_SHORT,,,,0.0,
2026-01-14T17:55:26.178852,BTCUSDT,short,5m,89769.6,89974.8,0.0004177360710084483,37.5,-0.08571944177093238,-0.002285851780558197,,TRAILING_STOP_SHORT,,,,0.0,
2026-01-14T17:55:29.811456,BTCUSDT,short,5m,89974.8,90321.3,0.0004167833660091492,37.5,-0.1444154363221702,-0.0038510783019245383,,TRAILING_STOP_SHORT,,,,0.0,
2026-01-14T17:55:30.245724,BTCUSDT,short,5m,90321.3,91218.3,0.00041518445815106735,37.5,-0.37242045896150744,-0.009931212238973532,,TRAILING_STOP_SHORT,,,,0.0,
2026-01-14T17:55:33.290404,BTCUSDT,short,5m,91218.3,91802.8,0.00041110171972071394,37.5,-0.2402889551767573,-0.006407705471380195,,TRAILING_STOP_SHORT,,,,0.0,
2026-01-14T17:55:33.428387,BTCUSDT,short,5m,91802.8,92873.0,0.0004084842728108511,37.5,-0.43715986876217167,-0.011657596500324578,,SL_HIT,,,,0.0,
2026-01-14T17:55:35.154643,BTCUSDT,short,5m,92873.0,93250.5,0.00040377720112411575,37.5,-0.1524258934243537,-0.004064690491316098,,TRAILING_STOP_SHORT,,,,0.0,
2026-01-14T17:55:35.566269,BTCUSDT,short,5m,93250.5,94273.0,0.0004021426158572876,37.5,-0.4111908247140766,-0.010965088659042043,,SL_HIT,,,,0.0,
2026-01-14T17:55:38.160105,BTCUSDT,short,5m,94273.0,94105.4,0.00039778091288067636,37.5,0.06666808099880367,0.0017778154933014313,,TRAILING_STOP_SHORT,,,,0.0,
2026-01-14T17:55:38.623797,BTCUSDT,short,5m,94105.4,92199.4,0.00039848935342711475,37.5,0.7595207076320807,0.020253885536855486,,TP_HIT,,,,0.0,
2026-01-14T17:55:38.968508,BTCUSDT,short,5m,92199.4,92475.0,0.0004067271587450678,37.5,-0.11209400495014304,-0.002989173465337148,,TRAILING_STOP_SHORT,,,,0.0,
2026-01-14T17:55:39.105493,BTCUSDT,short,5m,92475.0,93679.6,0.00040551500405515005,37.5,-0.4884833738848361,-0.01302622330359563,,SL_HIT,,,,0.0,
2026-01-14T17:55:40.800760,BTCUSDT,short,5m,93679.6,91764.4,0.0004003005990631898,37.5,0.7666557073258258,0.020444152195355354,,TP_HIT,,,,0.0,
2026-01-14T17:55:43.662112,BTCUSDT,short,5m,91764.4,89844.0,0.000408655208337874,37.5,0.7847814620920508,0.02092750565578802,,TP_HIT,,,,0.0,
2026-01-14T17:55:44.712224,BTCUSDT,short,5m,89844.0,90353.6,0.00041739014291438493,37.5,-0.212702016829173,-0.00567205378211128,,TRAILING_STOP_SHORT,,,,0.0,
2026-01-14T17:55:45.056365,BTCUSDT,short,5m,90353.6,91363.7,0.00041503603619556936,37.5,-0.419227900161141,-0.01117941067096376,,SL_HIT,,,,0.0,
2026-01-14T17:55:46.580935,BTCUSDT,short,5m,91363.7,90494.6,0.0004104474753102162,37.5,0.3567199007921053,0.009512530687789475,,EOB_FORCE_CLOSE,,,,0.0,
2026-01-14T18:37:38.822258,BTCUSDT,short,5m,88584.4,88727.9,0.00042332510013049705,37.5,-0.060747151868726326,-0.001619924049832702,,TRAILING_STOP_SHORT,,,,0.0,
2026-01-14T18:37:43.863358,BTCUSDT,short,5m,88727.9,88217.4,0.0004226404546935068,37.5,0.21575795212103524,0.005753545389894273,,TRAILING_STOP_SHORT,,,,0.0,
2026-01-14T18:37:45.146792,BTCUSDT,short,5m,88217.4,89007.1,0.00042508620748287753,37.5,-0.33569057804923336,-0.008951748747979556,,TRAILING_STOP_SHORT,,,,0.0,
2026-01-14T18:37:45.905480,BTCUSDT,short,5m,89007.1,89445.1,0.0004213147041078745,37.5,-0.18453584039924903,-0.004920955743979974,,TRAILING_STOP_SHORT,,,,0.0,
2026-01-14T18:37:46.574050,BTCUSDT,short,5m,89445.1,89769.6,0.00041925158560949676,37.5,-0.1360471395302817,-0.0036279237208075117,,TRAILING_STOP_SHORT,,,,0.0,
2026-01-14T18:37:46.778375,BTCUSDT,short,5m,89769.6,89974.8,0.0004177360710084483,37.5,-0.08571944177093238,-0.002285851780558197,,TRAILING_STOP_SHORT,,,,0.0,
2026-01-14T18:37:50.373208,BTCUSDT,short,5m,89974.8,90321.3,0.0004167833660091492,37.5,-0.1444154363221702,-0.0038510783019245383,,TRAILING_STOP_SHORT,,,,0.0,
2026-01-14T18:37:50.808620,BTCUSDT,short,5m,90321.3,91218.3,0.00041518445815106735,37.5,-0.37242045896150744,-0.009931212238973532,,TRAILING_STOP_SHORT,,,,0.0,
2026-01-14T18:37:53.947672,BTCUSDT,short,5m,91218.3,91802.8,0.00041110171972071394,37.5,-0.2402889551767573,-0.006407705471380195,,TRAILING_STOP_SHORT,,,,0.0,
2026-01-14T18:37:54.093412,BTCUSDT,short,5m,91802.8,92873.0,0.0004084842728108511,37.5,-0.43715986876217167,-0.011657596500324578,,SL_HIT,,,,0.0,
2026-01-14T18:37:55.829433,BTCUSDT,short,5m,92873.0,93250.5,0.00040377720112411575,37.5,-0.1524258934243537,-0.004064690491316098,,TRAILING_STOP_SHORT,,,,0.0,
2026-01-14T18:37:56.240906,BTCUSDT,short,5m,93250.5,94273.0,0.0004021426158572876,37.5,-0.4111908247140766,-0.010965088659042043,,SL_HIT,,,,0.0,
2026-01-14T18:37:58.753683,BTCUSDT,short,5m,94273.0,94105.4,0.00039778091288067636,37.5,0.06666808099880367,0.0017778154933014313,,TRAILING_STOP_SHORT,,,,0.0,
2026-01-14T18:37:59.198332,BTCUSDT,short,5m,94105.4,92199.4,0.00039848935342711475,37.5,0.7595207076320807,0.020253885536855486,,TP_HIT,,,,0.0,
2026-01-14T18:37:59.519055,BTCUSDT,short,5m,92199.4,92475.0,0.0004067271587450678,37.5,-0.11209400495014304,-0.002989173465337148,,TRAILING_STOP_SHORT,,,,0.0,
2026-01-14T18:37:59.644223,BTCUSDT,short,5m,92475.0,93679.6,0.00040551500405515005,37.5,-0.4884833738848361,-0.01302622330359563,,SL_HIT,,,,0.0,
2026-01-14T18:38:01.267612,BTCUSDT,short,5m,93679.6,91764.4,0.0004003005990631898,37.5,0.7666557073258258,0.020444152195355354,,TP_HIT,,,,0.0,
2026-01-14T18:38:03.942236,BTCUSDT,short,5m,91764.4,89844.0,0.000408655208337874,37.5,0.7847814620920508,0.02092750565578802,,TP_HIT,,,,0.0,
2026-01-14T18:38:05.000091,BTCUSDT,short,5m,89844.0,90353.6,0.00041739014291438493,37.5,-0.212702016829173,-0.00567205378211128,,TRAILING_STOP_SHORT,,,,0.0,
2026-01-14T18:38:05.316188,BTCUSDT,short,5m,90353.6,91363.7,0.00041503603619556936,37.5,-0.419227900161141,-0.01117941067096376,,SL_HIT,,,,0.0,
2026-01-14T18:38:06.784127,BTCUSDT,short,5m,91363.7,90494.6,0.0004104474753102162,37.5,0.3567199007921053,0.009512530687789475,,EOB_FORCE_CLOSE,,,,0.0,
2026-01-14T20:06:17.494965,BTCUSDT,long,5m,90101.7,92015.1,0.000554928486365962,50.0,1.0618001658126366,0.021236003316252732,,TP_HIT,,,,1.0,
2026-01-14T20:06:30.496835,BTCUSDT,long,5m,92015.1,93899.9,0.0005433890741845631,50.0,1.0241797270230584,0.020483594540461166,,TP_HIT,,,,1.0,
2026-01-14T20:06:37.752900,BTCUSDT,long,5m,93899.9,93680.0,0.0005324819302256978,50.0,-0.11709277645662784,-0.0023418555291325567,,TRAILING_STOP_LONG,,,,1.0,
2026-01-14T20:06:51.534203,BTCUSDT,long,5m,93680.0,93334.5,0.000533731853116994,50.0,-0.18440435525192142,-0.0036880871050384285,,TRAILING_STOP_LONG,,,,1.0,
2026-01-14T20:06:52.503913,BTCUSDT,long,5m,93334.5,92378.3,0.0005357075893694186,50.0,-0.5122435969550365,-0.01024487193910073,,SL_HIT,,,,1.0,
2026-01-14T20:06:53.028805,BTCUSDT,long,5m,92378.3,91547.6,0.0005412526534911337,50.0,-0.4496185792550832,-0.008992371585101664,,TRAILING_STOP_LONG,,,,1.0,
2026-01-14T20:06:55.784074,BTCUSDT,long,5m,91547.6,93679.6,0.0005461639627909415,50.0,1.1644215686702872,0.023288431373405746,,TP_HIT,,,,1.0,
2026-01-14T20:06:59.003831,BTCUSDT,long,5m,93679.6,92670.4,0.000533734132084253,50.0,-0.5386444860994344,-0.010772889721988688,,SL_HIT,,,,1.0,
2026-01-14T20:07:05.978423,BTCUSDT,long,5m,92670.4,92036.5,0.0005395466081942023,50.0,-0.3420185949343017,-0.006840371898686034,,TRAILING_STOP_LONG,,,,1.0,
2026-01-14T20:07:10.982288,BTCUSDT,long,5m,92036.5,91125.0,0.0005432627272875435,50.0,-0.49518397592259594,-0.009903679518451919,,TRAILING_STOP_LONG,,,,1.0,
2026-01-14T20:07:21.726895,BTCUSDT,long,5m,91125.0,90690.2,0.0005486968449931413,50.0,-0.23857338820301943,-0.0047714677640603885,,TRAILING_STOP_LONG,,,,1.0,
2026-01-14T20:07:23.504820,BTCUSDT,long,5m,90690.2,90166.4,0.000551327486321565,50.0,-0.28878533733523737,-0.005775706746704748,,TRAILING_STOP_LONG,,,,1.0,
2026-01-14T20:07:29.981240,BTCUSDT,long,5m,90166.4,89750.1,0.0005545302906625972,50.0,-0.23085096000283276,-0.004617019200056655,,TRAILING_STOP_LONG,,,,1.0,
2026-01-14T20:07:44.501356,BTCUSDT,long,5m,89750.1,90494.6,0.000557102443339896,50.0,0.4147627690665526,0.008295255381331051,,EOB_FORCE_CLOSE,,,,1.0,
