bar,time,symbol,interval,price,signal,p_used,p_single,p_1m,p_5m,p_15m,p_1h,whale_dir,whale_score,atr,equity,peak_equity,max_drawdown_pct,pnl_total
200,200,BTCUSDT,5m,92839.33,long,0.9435428678049995,0.7267305791378021,1.0,0.7267305791378021,1.0,1.0,none,0.0,166.67142857142815,1000.0,1000.0,0.0,0.0
201,201,BTCUSDT,5m,92859.98,long,0.9435428678049995,0.7267305791378021,1.0,0.7267305791378021,1.0,1.0,none,0.0,162.76142857142779,1000.0,1000.0,0.0,0.0
202,202,BTCUSDT,5m,92916.79,long,0.9435428678049995,0.7267305791378021,1.0,0.7267305791378021,1.0,1.0,none,0.0,145.83428571428522,1000.0,1000.0,0.0,0.0
203,203,BTCUSDT,5m,92814.56,long,0.9435428739621232,0.7267306089401245,1.0,0.7267306089401245,1.0,1.0,none,0.0,142.25999999999996,1000.0,1000.0,0.0,0.0
204,204,BTCUSDT,5m,92840.76,long,0.9435428739621232,0.7267306089401245,1.0,0.7267306089401245,1.0,1.0,none,0.0,145.0421428571426,1000.0,1000.0,0.0,0.0
205,205,BTCUSDT,5m,92811.09,long,0.9435428678049995,0.7267305791378021,1.0,0.7267305791378021,1.0,1.0,none,0.0,142.92714285714257,1000.0,1000.0,0.0,0.0
206,206,BTCUSDT,5m,92800.08,long,0.9435428678049995,0.7267305791378021,1.0,0.7267305791378021,1.0,1.0,none,0.0,144.3450000000001,1000.0,1000.0,0.0,0.0
207,207,BTCUSDT,5m,92715.61,long,0.9435428678049995,0.7267305791378021,1.0,0.7267305791378021,1.0,1.0,none,0.0,148.2871428571421,1000.0,1000.0,0.0,0.0
208,208,BTCUSDT,5m,92765.65,long,0.9435428678049995,0.7267305791378021,1.0,0.7267305791378021,1.0,1.0,none,0.0,141.05714285714203,1000.0,1000.0,0.0,0.0
209,209,BTCUSDT,5m,92905.2,long,0.9435428739621232,0.7267306089401245,1.0,0.7267306089401245,1.0,1.0,none,0.0,146.64499999999887,1000.0,1000.0,0.0,0.0
210,210,BTCUSDT,5m,92804.49,long,0.9435428739621232,0.7267306089401245,1.0,0.7267306089401245,1.0,1.0,long,0.9385527946420505,155.24999999999895,1000.0,1000.0,0.0,0.0
211,211,BTCUSDT,5m,92976.66,long,0.9435428678049995,0.7267305791378021,1.0,0.7267305791378021,1.0,1.0,none,0.0,161.79428571428434,1000.0,1000.0,0.0,0.0
212,212,BTCUSDT,5m,92904.68,long,0.9435428678049995,0.7267305791378021,1.0,0.7267305791378021,1.0,1.0,none,0.0,154.24928571428504,1000.0,1000.0,0.0,0.0
213,213,BTCUSDT,5m,92908.07,long,0.9435428678049995,0.7267305791378021,1.0,0.7267305791378021,1.0,1.0,none,0.0,151.39357142857105,1000.0,1000.0,0.0,0.0
214,214,BTCUSDT,5m,92934.49,long,0.9435428678049995,0.7267305791378021,1.0,0.7267305791378021,1.0,1.0,none,0.0,145.22642857142742,1000.0,1000.0,0.0,0.0
215,215,BTCUSDT,5m,92880.0,long,0.9435428739621232,0.7267306089401245,1.0,0.7267306089401245,1.0,1.0,none,0.0,150.6185714285696,1000.0,1000.0,0.0,0.0
216,216,BTCUSDT,5m,92930.0,long,0.9435428739621232,0.7267306089401245,1.0,0.7267306089401245,1.0,1.0,none,0.0,150.88642857142673,1000.0,1000.0,0.0,0.0
217,217,BTCUSDT,5m,92892.36,long,0.9435428678049995,0.7267305791378021,1.0,0.7267305791378021,1.0,1.0,none,0.0,143.8299999999976,1000.0,1000.0,0.0,0.0
218,218,BTCUSDT,5m,92969.93,long,0.9435428678049995,0.7267305791378021,1.0,0.7267305791378021,1.0,1.0,none,0.0,135.69499999999763,1000.0,1000.0,0.0,0.0
219,219,BTCUSDT,5m,93154.28,long,0.9435428678049995,0.7267305791378021,1.0,0.7267305791378021,1.0,1.0,none,0.0,148.62857142856956,1000.0,1000.0,0.0,0.0
220,220,BTCUSDT,5m,93178.46,long,0.9435428678049995,0.7267305791378021,1.0,0.7267305791378021,1.0,1.0,none,0.0,146.4407142857121,1000.0,1000.0,0.0,0.0
221,221,BTCUSDT,5m,93086.45,long,0.9435428739621232,0.7267306089401245,1.0,0.7267306089401245,1.0,1.0,none,0.0,145.25499999999843,1000.0,1000.0,0.0,0.0
222,222,BTCUSDT,5m,93093.27,long,0.9435428739621232,0.7267306089401245,1.0,0.7267306089401245,1.0,1.0,none,0.0,144.05999999999872,1000.0,1000.0,0.0,0.0
223,223,BTCUSDT,5m,93135.18,long,0.9435428678049995,0.7267305791378021,1.0,0.7267305791378021,1.0,1.0,none,0.0,138.08428571428416,1000.0,1000.0,0.0,0.0
224,224,BTCUSDT,5m,93209.99,long,0.9435428739621232,0.7267306089401245,1.0,0.7267306089401245,1.0,1.0,none,0.0,129.76357142856952,1000.0,1000.0,0.0,0.0
225,225,BTCUSDT,5m,93358.79,long,0.9435428678049995,0.7267305791378021,1.0,0.7267305791378021,1.0,1.0,none,0.0,129.48142857142582,1000.2797628979012,1000.2797628979012,0.0,0.2797628979011506
226,226,BTCUSDT,5m,93214.08,hold,0.9435428678049995,0.7267305791378021,1.0,0.7267305791378021,1.0,1.0,short,0.9098479508936728,131.45428571428263,1000.2797628979012,1000.2797628979012,0.0,0.2797628979011506
227,227,BTCUSDT,5m,93120.2,long,0.9435428678049995,0.7267305791378021,1.0,0.7267305791378021,1.0,1.0,none,0.0,140.8399999999965,1000.1519816788001,1000.2797628979012,0.01277454806551907,0.15198167880009805
228,228,BTCUSDT,5m,92989.65,long,0.9435428678049995,0.7267305791378021,1.0,0.7267305791378021,1.0,1.0,none,0.0,150.12285714285514,1000.1519816788001,1000.2797628979012,0.01277454806551907,0.15198167880009805
229,229,BTCUSDT,5m,92944.72,long,0.9435428739621232,0.7267306089401245,1.0,0.7267306089401245,1.0,1.0,none,0.0,148.8407142857125,1000.1519816788001,1000.2797628979012,0.01277454806551907,0.15198167880009805
230,230,BTCUSDT,5m,93018.42,long,0.9435428739621232,0.7267306089401245,1.0,0.7267306089401245,1.0,1.0,none,0.0,153.24428571428456,1000.1519816788001,1000.2797628979012,0.01277454806551907,0.15198167880009805
231,231,BTCUSDT,5m,93034.58,long,0.9435428678049995,0.7267305791378021,1.0,0.7267305791378021,1.0,1.0,none,0.0,153.96571428571355,1000.1519816788001,1000.2797628979012,0.01277454806551907,0.15198167880009805
232,232,BTCUSDT,5m,92939.4,long,0.9435428678049995,0.7267305791378021,1.0,0.7267305791378021,1.0,1.0,none,0.0,158.40142857142823,1000.1519816788001,1000.2797628979012,0.01277454806551907,0.15198167880009805
233,233,BTCUSDT,5m,92910.0,hold,0.9435428678049995,0.7267305791378021,1.0,0.7267305791378021,1.0,1.0,short,0.7125275502633447,147.20999999999913,1000.1519816788001,1000.2797628979012,0.01277454806551907,0.15198167880009805
234,234,BTCUSDT,5m,92942.54,long,0.9435428678049995,0.7267305791378021,1.0,0.7267305791378021,1.0,1.0,none,0.0,148.5235714285705,1000.1519816788001,1000.2797628979012,0.01277454806551907,0.15198167880009805
235,235,BTCUSDT,5m,92751.28,hold,0.9435428739621232,0.7267306089401245,1.0,0.7267306089401245,1.0,1.0,short,0.7440900515247848,152.26928571428496,999.9538936162745,1000.2797628979012,0.03257781409898414,-0.04610638372548692
236,236,BTCUSDT,5m,92867.01,hold,0.9435428739621232,0.7267306089401245,1.0,0.7267306089401245,1.0,1.0,short,0.5758869727411824,163.9257142857137,999.9538936162745,1000.2797628979012,0.03257781409898414,-0.04610638372548692
237,237,BTCUSDT,5m,93002.8,hold,0.9435428678049995,0.7267305791378021,1.0,0.7267305791378021,1.0,1.0,short,1.0,171.13571428571387,999.9538936162745,1000.2797628979012,0.03257781409898414,-0.04610638372548692
238,238,BTCUSDT,5m,92995.32,long,0.9435428678049995,0.7267305791378021,1.0,0.7267305791378021,1.0,1.0,long,0.5942137224185792,170.355714285714,999.9538936162745,1000.2797628979012,0.03257781409898414,-0.04610638372548692
239,239,BTCUSDT,5m,92995.95,long,0.9435428678049995,0.7267305791378021,1.0,0.7267305791378021,1.0,1.0,none,0.0,167.3785714285706,999.9538936162745,1000.2797628979012,0.03257781409898414,-0.04610638372548692
240,240,BTCUSDT,5m,92982.73,long,0.9435428678049995,0.7267305791378021,1.0,0.7267305791378021,1.0,1.0,none,0.0,158.14071428571333,999.9538936162745,1000.2797628979012,0.03257781409898414,-0.04610638372548692
241,241,BTCUSDT,5m,92912.41,long,0.9435428739621232,0.7267306089401245,1.0,0.7267306089401245,1.0,1.0,none,0.0,153.18714285714148,999.9538936162745,1000.2797628979012,0.03257781409898414,-0.04610638372548692
242,242,BTCUSDT,5m,92991.59,long,0.9435428739621232,0.7267306089401245,1.0,0.7267306089401245,1.0,1.0,none,0.0,147.5799999999976,999.9538936162745,1000.2797628979012,0.03257781409898414,-0.04610638372548692
243,243,BTCUSDT,5m,92956.59,hold,0.9435428678049995,0.7267305791378021,1.0,0.7267305791378021,1.0,1.0,short,0.803471436162357,143.14285714285506,999.9538936162745,1000.2797628979012,0.03257781409898414,-0.04610638372548692
244,244,BTCUSDT,5m,93005.68,long,0.9435428678049995,0.7267305791378021,1.0,0.7267305791378021,1.0,1.0,none,0.0,136.18571428571158,999.9538936162745,1000.2797628979012,0.03257781409898414,-0.04610638372548692
245,245,BTCUSDT,5m,93056.81,long,0.9435428678049995,0.7267305791378021,1.0,0.7267305791378021,1.0,1.0,none,0.0,142.53642857142611,999.9538936162745,1000.2797628979012,0.03257781409898414,-0.04610638372548692
246,246,BTCUSDT,5m,92908.83,long,0.9435428678049995,0.7267305791378021,1.0,0.7267305791378021,1.0,1.0,none,0.0,148.87357142856905,999.9538936162745,1000.2797628979012,0.03257781409898414,-0.04610638372548692
247,247,BTCUSDT,5m,92882.92,long,0.9435428739621232,0.7267306089401245,1.0,0.7267306089401245,1.0,1.0,none,0.0,149.19142857142702,999.9538936162745,1000.2797628979012,0.03257781409898414,-0.04610638372548692
248,248,BTCUSDT,5m,92834.47,long,0.9435428739621232,0.7267306089401245,1.0,0.7267306089401245,1.0,1.0,none,0.0,146.82285714285536,999.9538936162745,1000.2797628979012,0.03257781409898414,-0.04610638372548692
249,249,BTCUSDT,5m,92836.76,long,0.9435428678049995,0.7267305791378021,1.0,0.7267305791378021,1.0,1.0,none,0.0,146.08857142856868,999.9538936162745,1000.2797628979012,0.03257781409898414,-0.04610638372548692
250,250,BTCUSDT,5m,92730.7,long,0.9435428678049995,0.7267305791378021,1.0,0.7267305791378021,1.0,1.0,none,0.0,139.19857142856821,999.8116176393759,1000.2797628979012,0.04680143254813268,-0.18838236062413216
251,251,BTCUSDT,5m,92780.12,long,0.9435428678049995,0.7267305791378021,1.0,0.7267305791378021,1.0,1.0,none,0.0,135.5035714285685,999.8116176393759,1000.2797628979012,0.04680143254813268,-0.18838236062413216
252,252,BTCUSDT,5m,92855.91,long,0.9435428678049995,0.7267305791378021,1.0,0.7267305791378021,1.0,1.0,none,0.0,138.55571428571213,999.8116176393759,1000.2797628979012,0.04680143254813268,-0.18838236062413216
253,253,BTCUSDT,5m,92863.34,long,0.9435428739621232,0.7267306089401245,1.0,0.7267306089401245,1.0,1.0,none,0.0,137.07999999999862,999.8116176393759,1000.2797628979012,0.04680143254813268,-0.18838236062413216
254,254,BTCUSDT,5m,92979.99,long,0.9435428739621232,0.7267306089401245,1.0,0.7267306089401245,1.0,1.0,none,0.0,144.153571428571,999.8116176393759,1000.2797628979012,0.04680143254813268,-0.18838236062413216
255,255,BTCUSDT,5m,92921.87,long,0.9435428678049995,0.7267305791378021,1.0,0.7267305791378021,1.0,1.0,none,0.0,140.769285714286,999.8116176393759,1000.2797628979012,0.04680143254813268,-0.18838236062413216
256,256,BTCUSDT,5m,92937.39,long,0.9435428739621232,0.7267306089401245,1.0,0.7267306089401245,1.0,1.0,none,0.0,136.27857142857206,999.8116176393759,1000.2797628979012,0.04680143254813268,-0.18838236062413216
257,257,BTCUSDT,5m,93065.07,hold,0.9435428678049995,0.7267305791378021,1.0,0.7267305791378021,1.0,1.0,short,1.0,144.44500000000076,999.8116176393759,1000.2797628979012,0.04680143254813268,-0.18838236062413216
258,258,BTCUSDT,5m,92980.29,long,0.9435428678049995,0.7267305791378021,1.0,0.7267305791378021,1.0,1.0,none,0.0,152.4214285714292,999.8116176393759,1000.2797628979012,0.04680143254813268,-0.18838236062413216
259,259,BTCUSDT,5m,92937.84,hold,0.9435428678049995,0.7267305791378021,1.0,0.7267305791378021,1.0,1.0,short,1.0,146.02785714285815,999.8116176393759,1000.2797628979012,0.04680143254813268,-0.18838236062413216
260,260,BTCUSDT,5m,93079.98,long,0.9435428678049995,0.7267305791378021,1.0,0.7267305791378021,1.0,1.0,long,0.7283459982983708,144.86500000000004,999.8116176393759,1000.2797628979012,0.04680143254813268,-0.18838236062413216
261,261,BTCUSDT,5m,93032.6,long,0.9435428739621232,0.7267306089401245,1.0,0.7267306089401245,1.0,1.0,none,0.0,142.29857142857094,999.8116176393759,1000.2797628979012,0.04680143254813268,-0.18838236062413216
262,262,BTCUSDT,5m,93015.53,long,0.9435428739621232,0.7267306089401245,1.0,0.7267306089401245,1.0,1.0,none,0.0,143.91285714285706,999.8116176393759,1000.2797628979012,0.04680143254813268,-0.18838236062413216
263,263,BTCUSDT,5m,93093.03,long,0.9435428678049995,0.7267305791378021,1.0,0.7267305791378021,1.0,1.0,none,0.0,141.53499999999934,999.8116176393759,1000.2797628979012,0.04680143254813268,-0.18838236062413216
264,264,BTCUSDT,5m,93079.58,long,0.9435428678049995,0.7267305791378021,1.0,0.7267305791378021,1.0,1.0,long,0.6994582718056183,141.45000000000022,999.8116176393759,1000.2797628979012,0.04680143254813268,-0.18838236062413216
265,265,BTCUSDT,5m,93209.38,long,0.9435428678049995,0.7267305791378021,1.0,0.7267305791378021,1.0,1.0,long,0.5894701360742148,140.47857142857225,1000.0697198644211,1000.2797628979012,0.04680143254813268,0.0697198644211312
266,266,BTCUSDT,5m,93212.7,long,0.9435428678049995,0.7267305791378021,1.0,0.7267305791378021,1.0,1.0,long,0.7747056507080802,141.0550000000003,1000.0697198644211,1000.2797628979012,0.04680143254813268,0.0697198644211312
267,267,BTCUSDT,5m,93158.17,long,0.9435428739621232,0.7267306089401245,1.0,0.7267306089401245,1.0,1.0,long,0.8401591702386849,143.32142857142858,1000.0697198644211,1000.2797628979012,0.04680143254813268,0.0697198644211312
268,268,BTCUSDT,5m,93130.88,long,0.9435428739621232,0.7267306089401245,1.0,0.7267306089401245,1.0,1.0,long,0.6033230996666651,136.83999999999858,1000.0697198644211,1000.2797628979012,0.04680143254813268,0.0697198644211312
269,269,BTCUSDT,5m,91754.55,hold,0.9435428678049995,0.7267305791378021,1.0,0.7267305791378021,1.0,1.0,short,1.0,233.07428571428423,999.2893102103712,1000.2797628979012,0.09901756731141682,-0.7106897896287592
270,270,BTCUSDT,5m,92060.39,long,0.9435428678049995,0.7267305791378021,1.0,0.7267305791378021,1.0,1.0,long,0.85995936951405,263.34999999999854,999.2893102103712,1000.2797628979012,0.09901756731141682,-0.7106897896287592
271,271,BTCUSDT,5m,92030.58,long,0.9435428678049995,0.7267305791378021,1.0,0.7267305791378021,1.0,1.0,none,0.0,283.3571428571408,999.2893102103712,1000.2797628979012,0.09901756731141682,-0.7106897896287592
272,272,BTCUSDT,5m,92345.16,long,0.9435428678049995,0.7267305791378021,1.0,0.7267305791378021,1.0,1.0,none,0.0,311.83214285714035,999.2893102103712,1000.2797628979012,0.09901756731141682,-0.7106897896287592
273,273,BTCUSDT,5m,92298.54,hold,0.9435428739621232,0.7267306089401245,1.0,0.7267306089401245,1.0,1.0,short,0.771323890372826,318.27642857142615,999.2893102103712,1000.2797628979012,0.09901756731141682,-0.7106897896287592
274,274,BTCUSDT,5m,92540.06,long,0.9435428739621232,0.7267306089401245,1.0,0.7267306089401245,1.0,1.0,none,0.0,320.65499999999884,999.2893102103712,1000.2797628979012,0.09901756731141682,-0.7106897896287592
275,275,BTCUSDT,5m,92188.66,long,0.9435428678049995,0.7267305791378021,1.0,0.7267305791378021,1.0,1.0,long,0.5718813935098109,343.2271428571424,999.2893102103712,1000.2797628979012,0.09901756731141682,-0.7106897896287592
276,276,BTCUSDT,5m,92621.35,long,0.9435428678049995,0.7267305791378021,1.0,0.7267305791378021,1.0,1.0,none,0.0,386.5699999999997,999.2893102103712,1000.2797628979012,0.09901756731141682,-0.7106897896287592
277,277,BTCUSDT,5m,93502.76,long,0.9435428678049995,0.7267305791378021,1.0,0.7267305791378021,1.0,1.0,long,1.0,452.67000000000036,1000.0726927269998,1000.2797628979012,0.09901756731141682,0.07269272699977591
278,278,BTCUSDT,5m,92963.71,long,0.9435428678049995,0.7267305791378021,1.0,0.7267305791378021,1.0,1.0,none,0.0,497.01642857142826,1000.0726927269998,1000.2797628979012,0.09901756731141682,0.07269272699977591
279,279,BTCUSDT,5m,92686.36,long,0.9435428739621232,0.7267306089401245,1.0,0.7267306089401245,1.0,1.0,none,0.0,529.5107142857129,999.6361280737211,1000.2797628979012,0.09901756731141682,-0.36387192627887543
280,280,BTCUSDT,5m,92357.54,long,0.9435428739621232,0.7267306089401245,1.0,0.7267306089401245,1.0,1.0,none,0.0,547.8592857142846,999.6361280737211,1000.2797628979012,0.09901756731141682,-0.36387192627887543
281,281,BTCUSDT,5m,92920.04,hold,0.9435428678049995,0.7267305791378021,1.0,0.7267305791378021,1.0,1.0,short,0.7418163380389031,582.3192857142848,999.6361280737211,1000.2797628979012,0.09901756731141682,-0.36387192627887543
282,282,BTCUSDT,5m,92552.43,long,0.9435428678049995,0.7267305791378021,1.0,0.7267305791378021,1.0,1.0,none,0.0,606.6171428571428,999.6361280737211,1000.2797628979012,0.09901756731141682,-0.36387192627887543
283,283,BTCUSDT,5m,92246.84,long,0.9435428678049995,0.7267305791378021,1.0,0.7267305791378021,1.0,1.0,none,0.0,550.4535714285719,999.6361280737211,1000.2797628979012,0.09901756731141682,-0.36387192627887543
284,284,BTCUSDT,5m,92186.23,long,0.9435428678049995,0.7267305791378021,1.0,0.7267305791378021,1.0,1.0,none,0.0,535.211428571429,999.6361280737211,1000.2797628979012,0.09901756731141682,-0.36387192627887543
285,285,BTCUSDT,5m,92304.36,long,0.9435428739621232,0.7267306089401245,1.0,0.7267306089401245,1.0,1.0,none,0.0,530.1707142857152,999.6361280737211,1000.2797628979012,0.09901756731141682,-0.36387192627887543
286,286,BTCUSDT,5m,92317.19,long,0.9435428739621232,0.7267306089401245,1.0,0.7267306089401245,1.0,1.0,none,0.0,502.97714285714443,999.6361280737211,1000.2797628979012,0.09901756731141682,-0.36387192627887543
287,287,BTCUSDT,5m,92601.82,long,0.9435428678049995,0.7267305791378021,1.0,0.7267305791378021,1.0,1.0,none,0.0,521.0300000000009,999.6361280737211,1000.2797628979012,0.09901756731141682,-0.36387192627887543
288,288,BTCUSDT,5m,92319.59,hold,0.9435428739621232,0.7267306089401245,1.0,0.7267306089401245,1.0,1.0,short,0.9407255995809001,533.6171428571439,999.6361280737211,1000.2797628979012,0.09901756731141682,-0.36387192627887543
289,289,BTCUSDT,5m,92342.33,long,0.9435428678049995,0.7267305791378021,1.0,0.7267305791378021,1.0,1.0,none,0.0,518.74142857143,999.6361280737211,1000.2797628979012,0.09901756731141682,-0.36387192627887543
290,290,BTCUSDT,5m,92615.72,long,0.9435428678049995,0.7267305791378021,1.0,0.7267305791378021,1.0,1.0,none,0.0,489.6392857142855,999.6361280737211,1000.2797628979012,0.09901756731141682,-0.36387192627887543
291,291,BTCUSDT,5m,92433.83,long,0.9435428678049995,0.7267305791378021,1.0,0.7267305791378021,1.0,1.0,none,0.0,426.2000000000002,999.6361280737211,1000.2797628979012,0.09901756731141682,-0.36387192627887543
292,292,BTCUSDT,5m,92373.3,long,0.9435428678049995,0.7267305791378021,1.0,0.7267305791378021,1.0,1.0,none,0.0,384.490714285715,999.6361280737211,1000.2797628979012,0.09901756731141682,-0.36387192627887543
293,293,BTCUSDT,5m,92269.06,long,0.9435428739621232,0.7267306089401245,1.0,0.7267306089401245,1.0,1.0,none,0.0,363.3600000000016,999.6361280737211,1000.2797628979012,0.09901756731141682,-0.36387192627887543
294,294,BTCUSDT,5m,91890.79,long,0.9435428739621232,0.7267306089401245,1.0,0.7267306089401245,1.0,1.0,none,0.0,367.01642857142934,999.2069548922519,1000.2797628979012,0.10725079577149493,-0.7930451077480711
295,295,BTCUSDT,5m,92032.82,long,0.9435428678049995,0.7267305791378021,1.0,0.7267305791378021,1.0,1.0,none,0.0,339.12785714285775,999.2069548922519,1000.2797628979012,0.10725079577149493,-0.7930451077480711
296,296,BTCUSDT,5m,92236.61,long,0.9435428678049995,0.7267305791378021,1.0,0.7267305791378021,1.0,1.0,none,0.0,328.9242857142859,999.2069548922519,1000.2797628979012,0.10725079577149493,-0.7930451077480711
297,297,BTCUSDT,5m,92150.01,long,0.9435428678049995,0.7267305791378021,1.0,0.7267305791378021,1.0,1.0,none,0.0,297.8471428571429,999.2069548922519,1000.2797628979012,0.10725079577149493,-0.7930451077480711
298,298,BTCUSDT,5m,92268.45,long,0.9435428678049995,0.7267305791378021,1.0,0.7267305791378021,1.0,1.0,none,0.0,287.3428571428573,999.2069548922519,1000.2797628979012,0.10725079577149493,-0.7930451077480711
299,299,BTCUSDT,5m,92506.17,long,0.9435428739621232,0.7267306089401245,1.0,0.7267306089401245,1.0,1.0,none,0.0,279.61857142857167,999.2069548922519,1000.2797628979012,0.10725079577149493,-0.7930451077480711
300,300,BTCUSDT,5m,92611.38,long,0.9435428739621232,0.7267306089401245,1.0,0.7267306089401245,1.0,1.0,none,0.0,281.46214285714296,999.2069548922519,1000.2797628979012,0.10725079577149493,-0.7930451077480711
301,301,BTCUSDT,5m,92732.48,hold,0.9435428678049995,0.7267305791378021,1.0,0.7267305791378021,1.0,1.0,short,0.5464199892635927,265.78071428571485,999.2069548922519,1000.2797628979012,0.10725079577149493,-0.7930451077480711
302,302,BTCUSDT,5m,92468.91,hold,0.9435428678049995,0.7267305791378021,1.0,0.7267305791378021,1.0,1.0,short,1.0,253.1949999999997,999.2069548922519,1000.2797628979012,0.10725079577149493,-0.7930451077480711
303,303,BTCUSDT,5m,92437.0,long,0.9435428678049995,0.7267305791378021,1.0,0.7267305791378021,1.0,1.0,none,0.0,252.46071428571304,999.2069548922519,1000.2797628979012,0.10725079577149493,-0.7930451077480711
304,304,BTCUSDT,5m,92242.24,long,0.9435428678049995,0.7267305791378021,1.0,0.7267305791378021,1.0,1.0,none,0.0,248.0007142857139,999.2069548922519,1000.2797628979012,0.10725079577149493,-0.7930451077480711
305,305,BTCUSDT,5m,92354.83,long,0.9435428739621232,0.7267306089401245,1.0,0.7267306089401245,1.0,1.0,none,0.0,248.53285714285656,999.2069548922519,1000.2797628979012,0.10725079577149493,-0.7930451077480711
306,306,BTCUSDT,5m,92337.39,long,0.9435428739621232,0.7267306089401245,1.0,0.7267306089401245,1.0,1.0,long,0.7875426800803434,245.84142857142848,999.2069548922519,1000.2797628979012,0.10725079577149493,-0.7930451077480711
307,307,BTCUSDT,5m,92630.48,long,0.9435428678049995,0.7267305791378021,1.0,0.7267305791378021,1.0,1.0,none,0.0,248.24571428571446,999.2069548922519,1000.2797628979012,0.10725079577149493,-0.7930451077480711
308,308,BTCUSDT,5m,92260.57,long,0.9435428678049995,0.7267305791378021,1.0,0.7267305791378021,1.0,1.0,none,0.0,253.00285714285772,999.2069548922519,1000.2797628979012,0.10725079577149493,-0.7930451077480711
309,309,BTCUSDT,5m,92506.94,long,0.9435428678049995,0.7267305791378021,1.0,0.7267305791378021,1.0,1.0,none,0.0,261.9942857142866,999.2069548922519,1000.2797628979012,0.10725079577149493,-0.7930451077480711
310,310,BTCUSDT,5m,92506.45,long,0.9435428678049995,0.7267305791378021,1.0,0.7267305791378021,1.0,1.0,none,0.0,247.2378571428583,999.2069548922519,1000.2797628979012,0.10725079577149493,-0.7930451077480711
311,311,BTCUSDT,5m,92605.87,long,0.9435428739621232,0.7267306089401245,1.0,0.7267306089401245,1.0,1.0,none,0.0,242.94500000000076,999.2069548922519,1000.2797628979012,0.10725079577149493,-0.7930451077480711
312,312,BTCUSDT,5m,92799.99,long,0.9435428739621232,0.7267306089401245,1.0,0.7267306089401245,1.0,1.0,none,0.0,256.51142857142986,999.2069548922519,1000.2797628979012,0.10725079577149493,-0.7930451077480711
313,313,BTCUSDT,5m,92755.43,long,0.9435428678049995,0.7267305791378021,1.0,0.7267305791378021,1.0,1.0,none,0.0,246.5607142857147,999.2069548922519,1000.2797628979012,0.10725079577149493,-0.7930451077480711
314,314,BTCUSDT,5m,92953.72,hold,0.9435428678049995,0.7267305791378021,1.0,0.7267305791378021,1.0,1.0,short,1.0,251.5157142857154,999.2069548922519,1000.2797628979012,0.10725079577149493,-0.7930451077480711
315,315,BTCUSDT,5m,93006.69,long,0.9435428678049995,0.7267305791378021,1.0,0.7267305791378021,1.0,1.0,long,1.0,249.00000000000105,999.8141430555053,1000.2797628979012,0.10725079577149493,-0.18585694449473067
316,316,BTCUSDT,5m,92956.22,long,0.9435428678049995,0.7267305791378021,1.0,0.7267305791378021,1.0,1.0,long,0.883079486996916,239.1407142857154,999.8141430555053,1000.2797628979012,0.10725079577149493,-0.18585694449473067
317,317,BTCUSDT,5m,93173.55,hold,0.9435428739621232,0.7267306089401245,1.0,0.7267306089401245,1.0,1.0,short,0.5282693672854198,242.31357142857243,999.8141430555053,1000.2797628979012,0.10725079577149493,-0.18585694449473067
318,318,BTCUSDT,5m,93166.91,long,0.9435428739621232,0.7267306089401245,1.0,0.7267306089401245,1.0,1.0,none,0.0,236.48571428571555,999.8141430555053,1000.2797628979012,0.10725079577149493,-0.18585694449473067
319,319,BTCUSDT,5m,93421.05,long,0.9435428678049995,0.7267305791378021,1.0,0.7267305791378021,1.0,1.0,none,0.0,247.2657142857154,999.8141430555053,1000.2797628979012,0.10725079577149493,-0.18585694449473067
320,320,BTCUSDT,5m,92923.72,long,0.9435428739621232,0.7267306089401245,1.0,0.7267306089401245,1.0,1.0,none,0.0,276.13214285714326,999.8141430555053,1000.2797628979012,0.10725079577149493,-0.18585694449473067
321,321,BTCUSDT,5m,93077.93,long,0.9435428678049995,0.7267305791378021,1.0,0.7267305791378021,1.0,1.0,none,0.0,266.65642857142876,999.8141430555053,1000.2797628979012,0.10725079577149493,-0.18585694449473067
322,322,BTCUSDT,5m,93096.69,hold,0.9435428678049995,0.7267305791378021,1.0,0.7267305791378021,1.0,1.0,short,0.5345799614189848,238.83142857142957,999.8141430555053,1000.2797628979012,0.10725079577149493,-0.18585694449473067
323,323,BTCUSDT,5m,93092.86,hold,0.9435428678049995,0.7267305791378021,1.0,0.7267305791378021,1.0,1.0,short,0.9400384716334306,226.40285714285815,999.8141430555053,1000.2797628979012,0.10725079577149493,-0.18585694449473067
324,324,BTCUSDT,5m,93118.75,long,0.9435428678049995,0.7267305791378021,1.0,0.7267305791378021,1.0,1.0,long,1.0,232.2371428571444,999.8141430555053,1000.2797628979012,0.10725079577149493,-0.18585694449473067
325,325,BTCUSDT,5m,93121.27,long,0.9435428739621232,0.7267306089401245,1.0,0.7267306089401245,1.0,1.0,long,0.6009470269870402,231.7014285714301,999.8141430555053,1000.2797628979012,0.10725079577149493,-0.18585694449473067
326,326,BTCUSDT,5m,92811.19,long,0.9435428739621232,0.7267306089401245,1.0,0.7267306089401245,1.0,1.0,none,0.0,231.44214285714406,999.8141430555053,1000.2797628979012,0.10725079577149493,-0.18585694449473067
327,327,BTCUSDT,5m,92529.68,long,0.9435428678049995,0.7267305791378021,1.0,0.7267305791378021,1.0,1.0,long,1.0,241.35500000000215,999.5577045132885,1000.2797628979012,0.10725079577149493,-0.4422954867114868
328,328,BTCUSDT,5m,92623.86,long,0.9435428678049995,0.7267305791378021,1.0,0.7267305791378021,1.0,1.0,long,0.866294924896777,238.70785714285844,999.5577045132885,1000.2797628979012,0.10725079577149493,-0.4422954867114868
329,329,BTCUSDT,5m,92699.65,long,0.9435428678049995,0.7267305791378021,1.0,0.7267305791378021,1.0,1.0,long,0.8345328263583799,236.1221428571433,999.5577045132885,1000.2797628979012,0.10725079577149493,-0.4422954867114868
330,330,BTCUSDT,5m,92817.43,long,0.9435428678049995,0.7267305791378021,1.0,0.7267305791378021,1.0,1.0,long,0.8727089030880294,241.52571428571432,999.5577045132885,1000.2797628979012,0.10725079577149493,-0.4422954867114868
331,331,BTCUSDT,5m,92686.52,long,0.9435428739621232,0.7267306089401245,1.0,0.7267306089401245,1.0,1.0,long,1.0,235.3421428571424,999.5577045132885,1000.2797628979012,0.10725079577149493,-0.4422954867114868
332,332,BTCUSDT,5m,92759.66,hold,0.9435428739621232,0.7267306089401245,1.0,0.7267306089401245,1.0,1.0,short,0.9445922386013644,240.8221428571425,999.5577045132885,1000.2797628979012,0.10725079577149493,-0.4422954867114868
333,333,BTCUSDT,5m,92718.12,long,0.9435428678049995,0.7267305791378021,1.0,0.7267305791378021,1.0,1.0,none,0.0,225.05142857142866,999.5577045132885,1000.2797628979012,0.10725079577149493,-0.4422954867114868
334,334,BTCUSDT,5m,92714.63,long,0.9435428678049995,0.7267305791378021,1.0,0.7267305791378021,1.0,1.0,long,0.5925035840140004,193.48214285714286,999.5577045132885,1000.2797628979012,0.10725079577149493,-0.4422954867114868
335,335,BTCUSDT,5m,92776.79,long,0.9435428678049995,0.7267305791378021,1.0,0.7267305791378021,1.0,1.0,none,0.0,192.09357142857127,999.5577045132885,1000.2797628979012,0.10725079577149493,-0.4422954867114868
336,336,BTCUSDT,5m,92662.56,long,0.9435428678049995,0.7267305791378021,1.0,0.7267305791378021,1.0,1.0,none,0.0,194.86857142857065,999.5577045132885,1000.2797628979012,0.10725079577149493,-0.4422954867114868
337,337,BTCUSDT,5m,92833.2,long,0.9435428739621232,0.7267306089401245,1.0,0.7267306089401245,1.0,1.0,none,0.0,192.84999999999854,999.5577045132885,1000.2797628979012,0.10725079577149493,-0.4422954867114868
338,338,BTCUSDT,5m,92970.4,long,0.9435428739621232,0.7267306089401245,1.0,0.7267306089401245,1.0,1.0,none,0.0,194.749285714284,999.5577045132885,1000.2797628979012,0.10725079577149493,-0.4422954867114868
339,339,BTCUSDT,5m,92994.6,long,0.9435428678049995,0.7267305791378021,1.0,0.7267305791378021,1.0,1.0,none,0.0,192.25214285714173,999.5577045132885,1000.2797628979012,0.10725079577149493,-0.4422954867114868
340,340,BTCUSDT,5m,93024.99,long,0.9435428678049995,0.7267305791378021,1.0,0.7267305791378021,1.0,1.0,none,0.0,175.604999999998,999.5577045132885,1000.2797628979012,0.10725079577149493,-0.4422954867114868
341,341,BTCUSDT,5m,92903.17,long,0.9435428678049995,0.7267305791378021,1.0,0.7267305791378021,1.0,1.0,none,0.0,173.76571428571125,999.5577045132885,1000.2797628979012,0.10725079577149493,-0.4422954867114868
342,342,BTCUSDT,5m,93021.32,long,0.9435428678049995,0.7267305791378021,1.0,0.7267305791378021,1.0,1.0,none,0.0,174.24142857142579,999.5577045132885,1000.2797628979012,0.10725079577149493,-0.4422954867114868
343,343,BTCUSDT,5m,92977.32,long,0.9435428739621232,0.7267306089401245,1.0,0.7267306089401245,1.0,1.0,none,0.0,176.8828571428551,999.5577045132885,1000.2797628979012,0.10725079577149493,-0.4422954867114868
344,344,BTCUSDT,5m,93079.38,long,0.9435428739621232,0.7267306089401245,1.0,0.7267306089401245,1.0,1.0,none,0.0,175.39714285714166,999.5577045132885,1000.2797628979012,0.10725079577149493,-0.4422954867114868
345,345,BTCUSDT,5m,93022.51,long,0.9435428678049995,0.7267305791378021,1.0,0.7267305791378021,1.0,1.0,none,0.0,176.14999999999938,999.5577045132885,1000.2797628979012,0.10725079577149493,-0.4422954867114868
346,346,BTCUSDT,5m,93033.12,long,0.9435428678049995,0.7267305791378021,1.0,0.7267305791378021,1.0,1.0,none,0.0,166.66071428571325,999.5577045132885,1000.2797628979012,0.10725079577149493,-0.4422954867114868
347,347,BTCUSDT,5m,93048.02,long,0.9435428678049995,0.7267305791378021,1.0,0.7267305791378021,1.0,1.0,none,0.0,164.50642857142728,999.5577045132885,1000.2797628979012,0.10725079577149493,-0.4422954867114868
348,348,BTCUSDT,5m,93077.53,long,0.9435428678049995,0.7267305791378021,1.0,0.7267305791378021,1.0,1.0,none,0.0,165.4978571428562,999.5577045132885,1000.2797628979012,0.10725079577149493,-0.4422954867114868
349,349,BTCUSDT,5m,93184.65,long,0.9435428739621232,0.7267306089401245,1.0,0.7267306089401245,1.0,1.0,long,0.7023962268613734,170.1757142857137,999.5577045132885,1000.2797628979012,0.10725079577149493,-0.4422954867114868
350,350,BTCUSDT,5m,93181.01,long,0.9435428739621232,0.7267306089401245,1.0,0.7267306089401245,1.0,1.0,none,0.0,168.23785714285728,999.5577045132885,1000.2797628979012,0.10725079577149493,-0.4422954867114868
351,351,BTCUSDT,5m,93082.0,hold,0.9435428678049995,0.7267305791378021,1.0,0.7267305791378021,1.0,1.0,short,0.6036428419031887,178.47857142857225,999.5577045132885,1000.2797628979012,0.10725079577149493,-0.4422954867114868
352,352,BTCUSDT,5m,92980.43,hold,0.9435428739621232,0.7267306089401245,1.0,0.7267306089401245,1.0,1.0,short,0.6796105798890761,187.12857142857268,999.5577045132885,1000.2797628979012,0.10725079577149493,-0.4422954867114868
353,353,BTCUSDT,5m,92900.01,long,0.9435428678049995,0.7267305791378021,1.0,0.7267305791378021,1.0,1.0,long,0.9222382427813334,186.5850000000012,999.5577045132885,1000.2797628979012,0.10725079577149493,-0.4422954867114868
354,354,BTCUSDT,5m,93020.0,long,0.9435428678049995,0.7267305791378021,1.0,0.7267305791378021,1.0,1.0,none,0.0,196.06285714285852,999.5577045132885,1000.2797628979012,0.10725079577149493,-0.4422954867114868
355,355,BTCUSDT,5m,93052.23,long,0.9435428678049995,0.7267305791378021,1.0,0.7267305791378021,1.0,1.0,none,0.0,186.29428571428747,999.5577045132885,1000.2797628979012,0.10725079577149493,-0.4422954867114868
356,356,BTCUSDT,5m,93178.91,long,0.9435428678049995,0.7267305791378021,1.0,0.7267305791378021,1.0,1.0,long,0.7431547961407349,180.92714285714464,999.5577045132885,1000.2797628979012,0.10725079577149493,-0.4422954867114868
357,357,BTCUSDT,5m,93220.84,long,0.9435428739621232,0.7267306089401245,1.0,0.7267306089401245,1.0,1.0,long,0.5448020602091783,176.70357142857287,999.5577045132885,1000.2797628979012,0.10725079577149493,-0.4422954867114868
358,358,BTCUSDT,5m,93276.2,hold,0.9435428739621232,0.7267306089401245,1.0,0.7267306089401245,1.0,1.0,short,0.9001274668301188,168.59785714285889,999.9610994023662,1000.2797628979012,0.10725079577149493,-0.03890059763375575
359,359,BTCUSDT,5m,93386.62,long,0.9435428678049995,0.7267305791378021,1.0,0.7267305791378021,1.0,1.0,long,0.6070879332555551,168.34714285714497,999.9610994023662,1000.2797628979012,0.10725079577149493,-0.03890059763375575
360,360,BTCUSDT,5m,93477.59,hold,0.9435428678049995,0.7267305791378021,1.0,0.7267305791378021,1.0,1.0,short,0.9808550870368568,175.50857142857421,999.9610994023662,1000.2797628979012,0.10725079577149493,-0.03890059763375575
361,361,BTCUSDT,5m,93489.64,long,0.9435428678049995,0.7267305791378021,1.0,0.7267305791378021,1.0,1.0,none,0.0,171.11500000000316,999.9610994023662,1000.2797628979012,0.10725079577149493,-0.03890059763375575
362,362,BTCUSDT,5m,93406.89,long,0.9435428678049995,0.7267305791378021,1.0,0.7267305791378021,1.0,1.0,none,0.0,173.43642857143172,999.9610994023662,1000.2797628979012,0.10725079577149493,-0.03890059763375575
363,363,BTCUSDT,5m,93467.91,hold,0.9435428739621232,0.7267306089401245,1.0,0.7267306089401245,1.0,1.0,short,1.0,162.6885714285745,999.9610994023662,1000.2797628979012,0.10725079577149493,-0.03890059763375575
364,364,BTCUSDT,5m,93700.0,long,0.9435428739621232,0.7267306089401245,1.0,0.7267306089401245,1.0,1.0,long,0.7389208205648807,176.70357142857392,999.9610994023662,1000.2797628979012,0.10725079577149493,-0.03890059763375575
365,365,BTCUSDT,5m,93522.82,hold,0.9435428678049995,0.7267305791378021,1.0,0.7267305791378021,1.0,1.0,short,0.7029027845290029,181.02142857143085,999.9610994023662,1000.2797628979012,0.10725079577149493,-0.03890059763375575
366,366,BTCUSDT,5m,93520.0,long,0.9435428678049995,0.7267305791378021,1.0,0.7267305791378021,1.0,1.0,none,0.0,166.43928571428842,999.9610994023662,1000.2797628979012,0.10725079577149493,-0.03890059763375575
367,367,BTCUSDT,5m,93688.99,long,0.9435428678049995,0.7267305791378021,1.0,0.7267305791378021,1.0,1.0,none,0.0,171.991428571431,999.9610994023662,1000.2797628979012,0.10725079577149493,-0.03890059763375575
368,368,BTCUSDT,5m,93588.75,long,0.9435428678049995,0.7267305791378021,1.0,0.7267305791378021,1.0,1.0,none,0.0,165.42142857143128,999.9610994023662,1000.2797628979012,0.10725079577149493,-0.03890059763375575
369,369,BTCUSDT,5m,93483.17,long,0.9435428739621232,0.7267306089401245,1.0,0.7267306089401245,1.0,1.0,none,0.0,169.63857142857472,999.9610994023662,1000.2797628979012,0.10725079577149493,-0.03890059763375575
370,370,BTCUSDT,5m,93405.53,long,0.9435428739621232,0.7267306089401245,1.0,0.7267306089401245,1.0,1.0,none,0.0,165.08857142857389,999.9610994023662,1000.2797628979012,0.10725079577149493,-0.03890059763375575
371,371,BTCUSDT,5m,93331.71,long,0.9435428678049995,0.7267305791378021,1.0,0.7267305791378021,1.0,1.0,none,0.0,164.86285714285935,999.9610994023662,1000.2797628979012,0.10725079577149493,-0.03890059763375575
372,372,BTCUSDT,5m,93603.45,long,0.9435428678049995,0.7267305791378021,1.0,0.7267305791378021,1.0,1.0,none,0.0,183.5057142857165,999.9610994023662,1000.2797628979012,0.10725079577149493,-0.03890059763375575
373,373,BTCUSDT,5m,93580.86,long,0.9435428678049995,0.7267305791378021,1.0,0.7267305791378021,1.0,1.0,none,0.0,192.44571428571675,999.9610994023662,1000.2797628979012,0.10725079577149493,-0.03890059763375575
374,374,BTCUSDT,5m,93762.17,long,0.9435428678049995,0.7267305791378021,1.0,0.7267305791378021,1.0,1.0,long,1.0,218.46857142857334,999.9610994023662,1000.2797628979012,0.10725079577149493,-0.03890059763375575
375,375,BTCUSDT,5m,93661.46,long,0.9435428739621232,0.7267306089401245,1.0,0.7267306089401245,1.0,1.0,none,0.0,237.1128571428583,999.9610994023662,1000.2797628979012,0.10725079577149493,-0.03890059763375575
376,376,BTCUSDT,5m,93781.01,long,0.9435428739621232,0.7267306089401245,1.0,0.7267306089401245,1.0,1.0,none,0.0,240.6428571428582,999.9610994023662,1000.2797628979012,0.10725079577149493,-0.03890059763375575
377,377,BTCUSDT,5m,93828.0,long,0.9435428678049995,0.7267305791378021,1.0,0.7267305791378021,1.0,1.0,none,0.0,258.78428571428645,999.9610994023662,1000.2797628979012,0.10725079577149493,-0.03890059763375575
378,378,BTCUSDT,5m,94033.69,long,0.9435428678049995,0.7267305791378021,1.0,0.7267305791378021,1.0,1.0,none,0.0,251.14642857142877,1000.3075462488202,1000.3075462488202,0.10725079577149493,0.3075462488202447
379,379,BTCUSDT,5m,93769.61,long,0.9435428678049995,0.7267305791378021,1.0,0.7267305791378021,1.0,1.0,none,0.0,249.3328571428574,1000.3075462488202,1000.3075462488202,0.10725079577149493,0.3075462488202447
380,380,BTCUSDT,5m,93765.17,long,0.9435428678049995,0.7267305791378021,1.0,0.7267305791378021,1.0,1.0,none,0.0,251.38285714285615,1000.3075462488202,1000.3075462488202,0.10725079577149493,0.3075462488202447
381,381,BTCUSDT,5m,93595.12,long,0.9435428739621232,0.7267306089401245,1.0,0.7267306089401245,1.0,1.0,none,0.0,250.0907142857125,1000.0743479132025,1000.3075462488202,0.10725079577149493,0.07434791320247314
382,382,BTCUSDT,5m,93641.13,long,0.9435428739621232,0.7267306089401245,1.0,0.7267306089401245,1.0,1.0,none,0.0,250.2571428571412,1000.0743479132025,1000.3075462488202,0.10725079577149493,0.07434791320247314
383,383,BTCUSDT,5m,93560.91,long,0.9435428678049995,0.7267305791378021,1.0,0.7267305791378021,1.0,1.0,none,0.0,247.69714285714144,1000.0743479132025,1000.3075462488202,0.10725079577149493,0.07434791320247314
384,384,BTCUSDT,5m,93553.56,long,0.9435428739621232,0.7267306089401245,1.0,0.7267306089401245,1.0,1.0,none,0.0,248.16785714285652,1000.0743479132025,1000.3075462488202,0.10725079577149493,0.07434791320247314
385,385,BTCUSDT,5m,93523.65,long,0.9435428678049995,0.7267305791378021,1.0,0.7267305791378021,1.0,1.0,none,0.0,243.87071428571446,1000.0743479132025,1000.3075462488202,0.10725079577149493,0.07434791320247314
386,386,BTCUSDT,5m,93587.01,long,0.9435428678049995,0.7267305791378021,1.0,0.7267305791378021,1.0,1.0,none,0.0,229.60285714285627,1000.0743479132025,1000.3075462488202,0.10725079577149493,0.07434791320247314
387,387,BTCUSDT,5m,93646.85,long,0.9435428678049995,0.7267305791378021,1.0,0.7267305791378021,1.0,1.0,none,0.0,217.6092857142846,1000.0743479132025,1000.3075462488202,0.10725079577149493,0.07434791320247314
388,388,BTCUSDT,5m,93429.95,long,0.9435428678049995,0.7267305791378021,1.0,0.7267305791378021,1.0,1.0,none,0.0,196.1907142857131,1000.0743479132025,1000.3075462488202,0.10725079577149493,0.07434791320247314
389,389,BTCUSDT,5m,93411.45,long,0.9435428739621232,0.7267306089401245,1.0,0.7267306089401245,1.0,1.0,none,0.0,182.787857142856,1000.0743479132025,1000.3075462488202,0.10725079577149493,0.07434791320247314
390,390,BTCUSDT,5m,93304.66,long,0.9435428739621232,0.7267306089401245,1.0,0.7267306089401245,1.0,1.0,none,0.0,178.58999999999858,1000.0743479132025,1000.3075462488202,0.10725079577149493,0.07434791320247314
391,391,BTCUSDT,5m,92952.99,hold,0.9435428678049995,0.7267305791378021,1.0,0.7267305791378021,1.0,1.0,short,0.5779730180187796,180.08785714285582,999.7313118660239,1000.3075462488202,0.10725079577149493,-0.2686881339760703
392,392,BTCUSDT,5m,93095.0,long,0.9435428678049995,0.7267305791378021,1.0,0.7267305791378021,1.0,1.0,none,0.0,179.29142857142764,999.7313118660239,1000.3075462488202,0.10725079577149493,-0.2686881339760703
393,393,BTCUSDT,5m,93043.77,long,0.9435428678049995,0.7267305791378021,1.0,0.7267305791378021,1.0,1.0,none,0.0,162.94428571428475,999.7313118660239,1000.3075462488202,0.10725079577149493,-0.2686881339760703
394,394,BTCUSDT,5m,92828.08,long,0.9435428678049995,0.7267305791378021,1.0,0.7267305791378021,1.0,1.0,none,0.0,175.55214285714257,999.7313118660239,1000.3075462488202,0.10725079577149493,-0.2686881339760703
395,395,BTCUSDT,5m,92676.71,long,0.9435428739621232,0.7267306089401245,1.0,0.7267306089401245,1.0,1.0,none,0.0,176.62928571428554,999.506654258204,1000.3075462488202,0.10725079577149493,-0.49334574179601987
396,396,BTCUSDT,5m,92842.71,long,0.9435428739621232,0.7267306089401245,1.0,0.7267306089401245,1.0,1.0,none,0.0,182.7478571428562,999.506654258204,1000.3075462488202,0.10725079577149493,-0.49334574179601987
397,397,BTCUSDT,5m,93048.33,long,0.9435428678049995,0.7267305791378021,1.0,0.7267305791378021,1.0,1.0,none,0.0,188.62857142856956,999.506654258204,1000.3075462488202,0.10725079577149493,-0.49334574179601987
398,398,BTCUSDT,5m,93009.65,long,0.9435428678049995,0.7267305791378021,1.0,0.7267305791378021,1.0,1.0,none,0.0,192.47714285714133,999.506654258204,1000.3075462488202,0.10725079577149493,-0.49334574179601987
399,399,BTCUSDT,5m,92964.51,long,0.9435428678049995,0.7267305791378021,1.0,0.7267305791378021,1.0,1.0,none,0.0,195.67642857142658,999.506654258204,1000.3075462488202,0.10725079577149493,-0.49334574179601987
400,400,BTCUSDT,5m,93054.86,long,0.9435428678049995,0.7267305791378021,1.0,0.7267305791378021,1.0,1.0,none,0.0,203.92214285714206,999.506654258204,1000.3075462488202,0.10725079577149493,-0.49334574179601987
401,401,BTCUSDT,5m,93231.01,long,0.9435428739621232,0.7267306089401245,1.0,0.7267306089401245,1.0,1.0,none,0.0,214.49999999999895,999.8057045805557,1000.3075462488202,0.10725079577149493,-0.19429541944430184
402,402,BTCUSDT,5m,93218.95,long,0.9435428739621232,0.7267306089401245,1.0,0.7267306089401245,1.0,1.0,none,0.0,205.17214285714206,999.8057045805557,1000.3075462488202,0.10725079577149493,-0.19429541944430184
403,403,BTCUSDT,5m,93691.82,long,0.9435428678049995,0.7267305791378021,1.0,0.7267305791378021,1.0,1.0,long,0.8608510785407096,232.92785714285648,999.8057045805557,1000.3075462488202,0.10725079577149493,-0.19429541944430184
404,404,BTCUSDT,5m,93283.24,long,0.9435428678049995,0.7267305791378021,1.0,0.7267305791378021,1.0,1.0,none,0.0,260.1871428571415,999.8057045805557,1000.3075462488202,0.10725079577149493,-0.19429541944430184
405,405,BTCUSDT,5m,93344.82,long,0.9435428678049995,0.7267305791378021,1.0,0.7267305791378021,1.0,1.0,none,0.0,248.86428571428405,999.8057045805557,1000.3075462488202,0.10725079577149493,-0.19429541944430184
406,406,BTCUSDT,5m,93384.29,long,0.9435428678049995,0.7267305791378021,1.0,0.7267305791378021,1.0,1.0,none,0.0,247.1185714285696,999.8057045805557,1000.3075462488202,0.10725079577149493,-0.19429541944430184
407,407,BTCUSDT,5m,93453.73,long,0.9435428739621232,0.7267306089401245,1.0,0.7267306089401245,1.0,1.0,long,0.8221161312979306,246.26428571428445,999.8057045805557,1000.3075462488202,0.10725079577149493,-0.19429541944430184
408,408,BTCUSDT,5m,93512.13,long,0.9435428739621232,0.7267306089401245,1.0,0.7267306089401245,1.0,1.0,none,0.0,233.4428571428559,999.8057045805557,1000.3075462488202,0.10725079577149493,-0.19429541944430184
409,409,BTCUSDT,5m,93451.45,long,0.9435428678049995,0.7267305791378021,1.0,0.7267305791378021,1.0,1.0,none,0.0,223.76499999999942,999.8057045805557,1000.3075462488202,0.10725079577149493,-0.19429541944430184
410,410,BTCUSDT,5m,93260.11,long,0.9435428678049995,0.7267305791378021,1.0,0.7267305791378021,1.0,1.0,none,0.0,229.07500000000022,999.8057045805557,1000.3075462488202,0.10725079577149493,-0.19429541944430184
411,411,BTCUSDT,5m,93180.0,long,0.9435428678049995,0.7267305791378021,1.0,0.7267305791378021,1.0,1.0,none,0.0,222.02214285714373,999.8057045805557,1000.3075462488202,0.10725079577149493,-0.19429541944430184
412,412,BTCUSDT,5m,93195.07,long,0.9435428678049995,0.7267305791378021,1.0,0.7267305791378021,1.0,1.0,none,0.0,213.55142857142866,999.8057045805557,1000.3075462488202,0.10725079577149493,-0.19429541944430184
413,413,BTCUSDT,5m,93281.59,long,0.9435428739621232,0.7267306089401245,1.0,0.7267306089401245,1.0,1.0,none,0.0,217.90714285714265,999.8057045805557,1000.3075462488202,0.10725079577149493,-0.19429541944430184
414,414,BTCUSDT,5m,93412.2,long,0.9435428739621232,0.7267306089401245,1.0,0.7267306089401245,1.0,1.0,none,0.0,209.31857142857083,999.8057045805557,1000.3075462488202,0.10725079577149493,-0.19429541944430184
415,415,BTCUSDT,5m,93682.31,long,0.9435428678049995,0.7267305791378021,1.0,0.7267305791378021,1.0,1.0,none,0.0,214.84428571428518,999.8057045805557,1000.3075462488202,0.10725079577149493,-0.19429541944430184
416,416,BTCUSDT,5m,93912.2,long,0.9435428739621232,0.7267306089401245,1.0,0.7267306089401245,1.0,1.0,none,0.0,224.95000000000022,1000.1710283070712,1000.3075462488202,0.10725079577149493,0.17102830707119665
417,417,BTCUSDT,5m,93899.99,hold,0.9435428678049995,0.7267305791378021,1.0,0.7267305791378021,1.0,1.0,short,0.6195214942193178,214.50857142857214,1000.1710283070712,1000.3075462488202,0.10725079577149493,0.17102830707119665
418,418,BTCUSDT,5m,93800.01,hold,0.9435428678049995,0.7267305791378021,1.0,0.7267305791378021,1.0,1.0,short,1.0,184.05071428571577,1000.1710283070712,1000.3075462488202,0.10725079577149493,0.17102830707119665
419,419,BTCUSDT,5m,93711.06,long,0.9435428678049995,0.7267305791378021,1.0,0.7267305791378021,1.0,1.0,none,0.0,184.05285714285856,1000.1710283070712,1000.3075462488202,0.10725079577149493,0.17102830707119665
420,420,BTCUSDT,5m,93980.09,hold,0.9435428678049995,0.7267305791378021,1.0,0.7267305791378021,1.0,1.0,short,0.6545498140469583,193.76071428571595,1000.1710283070712,1000.3075462488202,0.10725079577149493,0.17102830707119665
421,421,BTCUSDT,5m,93878.01,hold,0.9435428739621232,0.7267306089401245,1.0,0.7267306089401245,1.0,1.0,short,0.606746241934437,199.95571428571566,1000.1710283070712,1000.3075462488202,0.10725079577149493,0.17102830707119665
422,422,BTCUSDT,5m,93847.24,hold,0.9435428739621232,0.7267306089401245,1.0,0.7267306089401245,1.0,1.0,short,0.5269913454366865,205.16571428571584,1000.1710283070712,1000.3075462488202,0.10725079577149493,0.17102830707119665
423,423,BTCUSDT,5m,93826.75,hold,0.9435428678049995,0.7267305791378021,1.0,0.7267305791378021,1.0,1.0,short,1.0,209.712142857145,1000.1710283070712,1000.3075462488202,0.10725079577149493,0.17102830707119665
424,424,BTCUSDT,5m,93943.24,long,0.9435428678049995,0.7267305791378021,1.0,0.7267305791378021,1.0,1.0,long,0.863102627957845,202.05857142857298,1000.1710283070712,1000.3075462488202,0.10725079577149493,0.17102830707119665
425,425,BTCUSDT,5m,93992.8,long,0.9435428678049995,0.7267305791378021,1.0,0.7267305791378021,1.0,1.0,long,1.0,201.80142857143073,1000.1710283070712,1000.3075462488202,0.10725079577149493,0.17102830707119665
426,426,BTCUSDT,5m,94012.75,hold,0.9435428678049995,0.7267305791378021,1.0,0.7267305791378021,1.0,1.0,short,0.6479184546960085,211.0057142857165,1000.1710283070712,1000.3075462488202,0.10725079577149493,0.17102830707119665
427,427,BTCUSDT,5m,93800.44,long,0.9435428739621232,0.7267306089401245,1.0,0.7267306089401245,1.0,1.0,none,0.0,212.56785714286005,1000.1710283070712,1000.3075462488202,0.10725079577149493,0.17102830707119665
428,428,BTCUSDT,5m,93657.14,long,0.9435428739621232,0.7267306089401245,1.0,0.7267306089401245,1.0,1.0,none,0.0,215.07857142857392,1000.1710283070712,1000.3075462488202,0.10725079577149493,0.17102830707119665
429,429,BTCUSDT,5m,93682.92,long,0.9435428678049995,0.7267305791378021,1.0,0.7267305791378021,1.0,1.0,none,0.0,200.08285714285947,1000.1710283070712,1000.3075462488202,0.10725079577149493,0.17102830707119665
430,430,BTCUSDT,5m,93616.57,hold,0.9435428678049995,0.7267305791378021,1.0,0.7267305791378021,1.0,1.0,short,0.6295603510663462,188.85071428571558,1000.1710283070712,1000.3075462488202,0.10725079577149493,0.17102830707119665
431,431,BTCUSDT,5m,93545.34,long,0.9435428678049995,0.7267305791378021,1.0,0.7267305791378021,1.0,1.0,none,0.0,172.3092857142869,999.9757075713202,1000.3075462488202,0.10725079577149493,-0.024292428679814293
432,432,BTCUSDT,5m,93492.06,long,0.9435428678049995,0.7267305791378021,1.0,0.7267305791378021,1.0,1.0,none,0.0,177.5714285714296,999.9757075713202,1000.3075462488202,0.10725079577149493,-0.024292428679814293
433,433,BTCUSDT,5m,93477.55,hold,0.9435428739621232,0.7267306089401245,1.0,0.7267306089401245,1.0,1.0,short,1.0,168.9871428571444,999.9757075713202,1000.3075462488202,0.10725079577149493,-0.024292428679814293
434,434,BTCUSDT,5m,93607.7,hold,0.9435428739621232,0.7267306089401245,1.0,0.7267306089401245,1.0,1.0,short,0.6264048773962761,159.8257142857162,999.9757075713202,1000.3075462488202,0.10725079577149493,-0.024292428679814293
435,435,BTCUSDT,5m,93568.05,long,0.9435428678049995,0.7267305791378021,1.0,0.7267305791378021,1.0,1.0,none,0.0,150.57357142857342,999.9757075713202,1000.3075462488202,0.10725079577149493,-0.024292428679814293
436,436,BTCUSDT,5m,93543.04,long,0.9435428678049995,0.7267305791378021,1.0,0.7267305791378021,1.0,1.0,long,1.0,140.9485714285724,999.9757075713202,1000.3075462488202,0.10725079577149493,-0.024292428679814293
437,437,BTCUSDT,5m,93389.64,long,0.9435428678049995,0.7267305791378021,1.0,0.7267305791378021,1.0,1.0,none,0.0,149.2335714285717,999.9757075713202,1000.3075462488202,0.10725079577149493,-0.024292428679814293
438,438,BTCUSDT,5m,93460.58,long,0.9435428678049995,0.7267305791378021,1.0,0.7267305791378021,1.0,1.0,none,0.0,146.38714285714377,999.9757075713202,1000.3075462488202,0.10725079577149493,-0.024292428679814293
439,439,BTCUSDT,5m,93465.98,long,0.9435428739621232,0.7267306089401245,1.0,0.7267306089401245,1.0,1.0,none,0.0,144.2107142857141,999.9757075713202,1000.3075462488202,0.10725079577149493,-0.024292428679814293
440,440,BTCUSDT,5m,93441.78,long,0.9435428739621232,0.7267306089401245,1.0,0.7267306089401245,1.0,1.0,none,0.0,140.6685714285725,999.9757075713202,1000.3075462488202,0.10725079577149493,-0.024292428679814293
441,441,BTCUSDT,5m,93399.99,long,0.9435428678049995,0.7267305791378021,1.0,0.7267305791378021,1.0,1.0,none,0.0,132.75000000000105,999.9757075713202,1000.3075462488202,0.10725079577149493,-0.024292428679814293
442,442,BTCUSDT,5m,93409.11,long,0.9435428678049995,0.7267305791378021,1.0,0.7267305791378021,1.0,1.0,none,0.0,125.49142857142995,999.9757075713202,1000.3075462488202,0.10725079577149493,-0.024292428679814293
443,443,BTCUSDT,5m,93451.36,long,0.9435428678049995,0.7267305791378021,1.0,0.7267305791378021,1.0,1.0,none,0.0,123.8985714285726,999.9757075713202,1000.3075462488202,0.10725079577149493,-0.024292428679814293
444,444,BTCUSDT,5m,93401.95,long,0.9435428678049995,0.7267305791378021,1.0,0.7267305791378021,1.0,1.0,none,0.0,125.07428571428629,999.9757075713202,1000.3075462488202,0.10725079577149493,-0.024292428679814293
445,445,BTCUSDT,5m,93382.63,long,0.9435428739621232,0.7267306089401245,1.0,0.7267306089401245,1.0,1.0,none,0.0,128.72785714285732,999.9757075713202,1000.3075462488202,0.10725079577149493,-0.024292428679814293
446,446,BTCUSDT,5m,93303.49,long,0.9435428739621232,0.7267306089401245,1.0,0.7267306089401245,1.0,1.0,none,0.0,125.91071428571429,999.9757075713202,1000.3075462488202,0.10725079577149493,-0.024292428679814293
447,447,BTCUSDT,5m,93328.91,long,0.9435428678049995,0.7267305791378021,1.0,0.7267305791378021,1.0,1.0,none,0.0,126.4585714285713,999.9757075713202,1000.3075462488202,0.10725079577149493,-0.024292428679814293
448,448,BTCUSDT,5m,93360.58,long,0.9435428739621232,0.7267306089401245,1.0,0.7267306089401245,1.0,1.0,none,0.0,116.08214285714244,999.9757075713202,1000.3075462488202,0.10725079577149493,-0.024292428679814293
449,449,BTCUSDT,5m,93332.12,long,0.9435428678049995,0.7267305791378021,1.0,0.7267305791378021,1.0,1.0,none,0.0,119.28857142857098,999.9757075713202,1000.3075462488202,0.10725079577149493,-0.024292428679814293
450,450,BTCUSDT,5m,93130.11,long,0.9435428678049995,0.7267305791378021,1.0,0.7267305791378021,1.0,1.0,none,0.0,130.1435714285721,999.7537670663202,1000.3075462488202,0.10725079577149493,-0.2462329336798348
451,451,BTCUSDT,5m,93203.68,long,0.9435428678049995,0.7267305791378021,1.0,0.7267305791378021,1.0,1.0,none,0.0,126.64857142857156,999.7537670663202,1000.3075462488202,0.10725079577149493,-0.2462329336798348
452,452,BTCUSDT,5m,93031.34,long,0.9435428678049995,0.7267305791378021,1.0,0.7267305791378021,1.0,1.0,none,0.0,132.538571428572,999.7537670663202,1000.3075462488202,0.10725079577149493,-0.2462329336798348
453,453,BTCUSDT,5m,93132.35,long,0.9435428739621232,0.7267306089401245,1.0,0.7267306089401245,1.0,1.0,none,0.0,135.03642857142924,999.7537670663202,1000.3075462488202,0.10725079577149493,-0.2462329336798348
454,454,BTCUSDT,5m,93203.4,long,0.9435428739621232,0.7267306089401245,1.0,0.7267306089401245,1.0,1.0,none,0.0,134.95285714285689,999.7537670663202,1000.3075462488202,0.10725079577149493,-0.2462329336798348
455,455,BTCUSDT,5m,93124.13,long,0.9435428678049995,0.7267305791378021,1.0,0.7267305791378021,1.0,1.0,none,0.0,135.51785714285612,999.7537670663202,1000.3075462488202,0.10725079577149493,-0.2462329336798348
456,456,BTCUSDT,5m,93058.35,long,0.9435428678049995,0.7267305791378021,1.0,0.7267305791378021,1.0,1.0,long,0.7104271311653708,139.55285714285543,999.7537670663202,1000.3075462488202,0.10725079577149493,-0.2462329336798348
457,457,BTCUSDT,5m,92976.49,long,0.9435428678049995,0.7267305791378021,1.0,0.7267305791378021,1.0,1.0,long,1.0,139.60428571428514,999.7537670663202,1000.3075462488202,0.10725079577149493,-0.2462329336798348
458,458,BTCUSDT,5m,92939.49,long,0.9435428678049995,0.7267305791378021,1.0,0.7267305791378021,1.0,1.0,none,0.0,134.7464285714294,999.7537670663202,1000.3075462488202,0.10725079577149493,-0.2462329336798348
459,459,BTCUSDT,5m,92870.0,hold,0.9435428739621232,0.7267306089401245,1.0,0.7267306089401245,1.0,1.0,short,0.8341136660086511,133.06857142857294,999.6141183533529,1000.3075462488202,0.10725079577149493,-0.3858816466471353
460,460,BTCUSDT,5m,92979.25,long,0.9435428739621232,0.7267306089401245,1.0,0.7267306089401245,1.0,1.0,none,0.0,131.91214285714418,999.6141183533529,1000.3075462488202,0.10725079577149493,-0.3858816466471353
461,461,BTCUSDT,5m,92877.76,hold,0.9435428678049995,0.7267305791378021,1.0,0.7267305791378021,1.0,1.0,short,0.988087481494888,139.16428571428696,999.6141183533529,1000.3075462488202,0.10725079577149493,-0.3858816466471353
462,462,BTCUSDT,5m,92999.96,long,0.9435428678049995,0.7267305791378021,1.0,0.7267305791378021,1.0,1.0,none,0.0,146.9321428571441,999.6141183533529,1000.3075462488202,0.10725079577149493,-0.3858816466471353
463,463,BTCUSDT,5m,93035.77,long,0.9435428678049995,0.7267305791378021,1.0,0.7267305791378021,1.0,1.0,none,0.0,144.31785714285797,999.6141183533529,1000.3075462488202,0.10725079577149493,-0.3858816466471353
464,464,BTCUSDT,5m,93063.81,long,0.9435428678049995,0.7267305791378021,1.0,0.7267305791378021,1.0,1.0,none,0.0,135.70071428571515,999.6141183533529,1000.3075462488202,0.10725079577149493,-0.3858816466471353
465,465,BTCUSDT,5m,93025.32,long,0.9435428739621232,0.7267306089401245,1.0,0.7267306089401245,1.0,1.0,none,0.0,128.86571428571602,999.6141183533529,1000.3075462488202,0.10725079577149493,-0.3858816466471353
466,466,BTCUSDT,5m,93206.39,long,0.9435428739621232,0.7267306089401245,1.0,0.7267306089401245,1.0,1.0,none,0.0,127.85571428571504,999.6141183533529,1000.3075462488202,0.10725079577149493,-0.3858816466471353
467,467,BTCUSDT,5m,93343.55,long,0.9435428678049995,0.7267305791378021,1.0,0.7267305791378021,1.0,1.0,none,0.0,128.0435714285725,999.6141183533529,1000.3075462488202,0.10725079577149493,-0.3858816466471353
468,468,BTCUSDT,5m,93269.07,long,0.9435428678049995,0.7267305791378021,1.0,0.7267305791378021,1.0,1.0,none,0.0,125.65285714285814,999.6141183533529,1000.3075462488202,0.10725079577149493,-0.3858816466471353
469,469,BTCUSDT,5m,93120.99,hold,0.9435428678049995,0.7267305791378021,1.0,0.7267305791378021,1.0,1.0,short,1.0,132.0178571428582,999.6141183533529,1000.3075462488202,0.10725079577149493,-0.3858816466471353
470,470,BTCUSDT,5m,93113.95,hold,0.9435428678049995,0.7267305791378021,1.0,0.7267305791378021,1.0,1.0,short,1.0,134.52500000000146,999.6141183533529,1000.3075462488202,0.10725079577149493,-0.3858816466471353
471,471,BTCUSDT,5m,93132.98,long,0.9435428739621232,0.7267306089401245,1.0,0.7267306089401245,1.0,1.0,none,0.0,136.82785714285794,999.6141183533529,1000.3075462488202,0.10725079577149493,-0.3858816466471353
472,472,BTCUSDT,5m,93140.74,long,0.9435428739621232,0.7267306089401245,1.0,0.7267306089401245,1.0,1.0,none,0.0,134.88928571428656,999.6141183533529,1000.3075462488202,0.10725079577149493,-0.3858816466471353
473,473,BTCUSDT,5m,93106.93,long,0.9435428678049995,0.7267305791378021,1.0,0.7267305791378021,1.0,1.0,none,0.0,130.35714285714286,999.6141183533529,1000.3075462488202,0.10725079577149493,-0.3858816466471353
474,474,BTCUSDT,5m,93004.73,long,0.9435428678049995,0.7267305791378021,1.0,0.7267305791378021,1.0,1.0,none,0.0,132.73071428571504,999.6141183533529,1000.3075462488202,0.10725079577149493,-0.3858816466471353
475,475,BTCUSDT,5m,93050.0,long,0.9435428678049995,0.7267305791378021,1.0,0.7267305791378021,1.0,1.0,none,0.0,130.09571428571508,999.6141183533529,1000.3075462488202,0.10725079577149493,-0.3858816466471353
476,476,BTCUSDT,5m,93140.99,long,0.9435428678049995,0.7267305791378021,1.0,0.7267305791378021,1.0,1.0,none,0.0,129.91000000000142,999.6141183533529,1000.3075462488202,0.10725079577149493,-0.3858816466471353
477,477,BTCUSDT,5m,93045.42,long,0.9435428739621232,0.7267306089401245,1.0,0.7267306089401245,1.0,1.0,none,0.0,133.75000000000105,999.6141183533529,1000.3075462488202,0.10725079577149493,-0.3858816466471353
478,478,BTCUSDT,5m,93101.13,long,0.9435428739621232,0.7267306089401245,1.0,0.7267306089401245,1.0,1.0,none,0.0,133.80857142857192,999.6141183533529,1000.3075462488202,0.10725079577149493,-0.3858816466471353
479,479,BTCUSDT,5m,93191.04,long,0.9435428678049995,0.7267305791378021,1.0,0.7267305791378021,1.0,1.0,none,0.0,135.32714285714297,999.6141183533529,1000.3075462488202,0.10725079577149493,-0.3858816466471353
480,480,BTCUSDT,5m,93206.23,hold,0.9435428739621232,0.7267306089401245,1.0,0.7267306089401245,1.0,1.0,short,0.8723301771809738,125.84285714285735,999.6141183533529,1000.3075462488202,0.10725079577149493,-0.3858816466471353
481,481,BTCUSDT,5m,93271.67,long,0.9435428678049995,0.7267305791378021,1.0,0.7267305791378021,1.0,1.0,none,0.0,122.35928571428563,999.6141183533529,1000.3075462488202,0.10725079577149493,-0.3858816466471353
482,482,BTCUSDT,5m,93253.46,long,0.9435428678049995,0.7267305791378021,1.0,0.7267305791378021,1.0,1.0,none,0.0,121.27214285714373,999.6141183533529,1000.3075462488202,0.10725079577149493,-0.3858816466471353
483,483,BTCUSDT,5m,93328.58,long,0.9435428678049995,0.7267305791378021,1.0,0.7267305791378021,1.0,1.0,none,0.0,114.97142857142899,999.6141183533529,1000.3075462488202,0.10725079577149493,-0.3858816466471353
484,484,BTCUSDT,5m,93397.67,long,0.9435428678049995,0.7267305791378021,1.0,0.7267305791378021,1.0,1.0,none,0.0,109.76142857142882,999.8391255458179,1000.3075462488202,0.10725079577149493,-0.1608744541821352
485,485,BTCUSDT,5m,93581.21,long,0.9435428739621232,0.7267306089401245,1.0,0.7267306089401245,1.0,1.0,none,0.0,121.47714285714339,999.8391255458179,1000.3075462488202,0.10725079577149493,-0.1608744541821352
486,486,BTCUSDT,5m,93262.0,long,0.9435428739621232,0.7267306089401245,1.0,0.7267306089401245,1.0,1.0,none,0.0,141.47142857142794,999.8391255458179,1000.3075462488202,0.10725079577149493,-0.1608744541821352
487,487,BTCUSDT,5m,93148.0,long,0.9435428678049995,0.7267305791378021,1.0,0.7267305791378021,1.0,1.0,none,0.0,149.25499999999946,999.7054658945654,1000.3075462488202,0.10725079577149493,-0.29453410543465
488,488,BTCUSDT,5m,93189.73,long,0.9435428678049995,0.7267305791378021,1.0,0.7267305791378021,1.0,1.0,none,0.0,147.46857142857021,999.7054658945654,1000.3075462488202,0.10725079577149493,-0.29453410543465
